correctedSentence,elongated,sentenceLength,sentenceWordLength,spellDelta,charNGrams,wordNGrams,hashtag,url,#,@,E,",",~,U,A,D,!,N,P,O,R,&,L,Z,^,V,$,G,T,X,S,Y,M,langFam,lang,user
time is a chance,0,4,3.25,0.25,"[(('t', 'i', 'm'), 1), (('i', 'm', 'e'), 1), (('m', 'e', ' '), 1), (('e', ' ', 'i'), 1), ((' ', 'i', 's'), 1)]","[(('time', 'is'), 1), (('is', 'a'), 1), (('a', 'chance'), 1)]",['jeudiphoto'],"['https://t.co/7EPwwU0mNc', 'https://t.co/7rMidzgJrM']",1,0,0,0,0,2,0,25.0,0,50.0,0,0,0,0,0,0,0,25.0,0,0,0,0,0,0,0,Romance,French, 
i think photography was inside me once i found it became sponger than me and i took refuge in it raymond depardon raymond depardon,0,24,4.458333333333333,1.9383333333333332,"[(('n', 'd', ' '), 4), (('m', 'e', ' '), 3), (('i', ' ', 't'), 2), ((' ', 't', 'h'), 2), ((' ', 'i', 'n'), 2)]","[(('raymond', 'depardon'), 2), (('i', 'think'), 1), (('think', 'photography'), 1), (('photography', 'was'), 1), (('was', 'inside'), 1)]",['jeudiphoto'],['https://t.co/Csgma13NvS'],1,0,0,0,0,1,0,0,0,8.333333333333332,12.499999999999998,29.166666666666657,4.166666666666666,4.166666666666666,0,0,20.83333333333333,20.83333333333333,0,0,0,0,0,0,0,Romance,French, 
along the black windows,0,4,5.0,0.125,"[(('a', 'l', 'o'), 1), (('l', 'o', 'n'), 1), (('o', 'n', 'g'), 1), (('n', 'g', ' '), 1), (('g', ' ', 't'), 1)]","[(('along', 'the'), 1), (('the', 'black'), 1), (('black', 'windows'), 1)]","['streetphotography', 'blackandwhite', 'JeudiPhoto', 'Paris', 'pascalcolin', 'canon', '50mm']",['https://t.co/LGVfDdrR1j'],7,0,0,0,0,1,25.0,25.0,0,25.0,25.0,0,0,0,0,0,0,0,0,0,0,0,0,0,0,Romance,French, 
jeudiphoto raymond depardon new bork,0,5,6.4,1.2000000000000002,"[(('j', 'e', 'u'), 1), (('e', 'u', 'd'), 1), (('u', 'd', 'i'), 1), (('d', 'i', 'p'), 1), (('i', 'p', 'h'), 1)]","[(('jeudiphoto', 'raymond'), 1), (('raymond', 'depardon'), 1), (('depardon', 'new'), 1), (('new', 'york'), 1)]",['jeudiphoto'],['https://t.co/pG5b27M5Kh'],1,0,0,0,0,1,20.0,0,20.0,0,0,0,0,0,0,0,60.0,0,0,0,0,0,0,0,0,Romance,French, 
sunset in nice on the shot with sony a7 and canon cd 35mmf 2,0,14,3.357142857142857,0.6428571428571428,"[(('o', 'n', ' '), 2), (('s', 'u', 'n'), 1), (('u', 'n', 's'), 1), (('n', 's', 'e'), 1), (('s', 'e', 't'), 1)]","[(('sunset', 'in'), 1), (('in', 'nice'), 1), (('nice', 'on'), 1), (('on', 'the'), 1), (('the', 'shot'), 1)]","['sunset', 'CotedAzurFrance', 'jeudiphoto']",['https://t.co/gdeKCOFOqH'],3,0,0,0,0,1,7.142857142857142,7.142857142857142,0,14.285714285714285,21.428571428571427,0,0,7.142857142857142,0,0,35.71428571428571,0,7.142857142857142,0,0,0,0,0,0,Romance,French, 
thomas barbed,0,2,6.0,0.75,"[(('t', 'h', 'o'), 1), (('h', 'o', 'm'), 1), (('o', 'm', 'a'), 1), (('m', 'a', 's'), 1), (('a', 's', ' '), 1)]","[(('thomas', 'barbey'), 1)]",['jeudiphoto'],['https://t.co/iDINw45QlZ'],1,0,0,0,0,1,50.0,0,0,0,0,0,0,0,0,0,50.0,0,0,0,0,0,0,0,0,Romance,French, 
jeudiphoto dieppefr apocalypse field,0,4,8.25,1.375,"[(('j', 'e', 'u'), 1), (('e', 'u', 'd'), 1), (('u', 'd', 'i'), 1), (('d', 'i', 'p'), 1), (('i', 'p', 'h'), 1)]","[(('jeudiphoto', 'dieppefr'), 1), (('dieppefr', 'apocalypse'), 1), (('apocalypse', 'field'), 1)]",['jeudiphoto'],['https://t.co/UYOYDn1HeO'],1,0,0,0,0,1,0,0,0,25.0,0,0,0,0,0,0,75.0,0,0,0,0,0,0,0,0,Romance,French, 
gaul trevor high street ever ton liverpool series 1975,0,9,5.111111111111111,1.2777777777777777,"[(('t', 'r', 'e'), 2), (('v', 'e', 'r'), 2), (('g', 'a', 'u'), 1), (('a', 'u', 'l'), 1), (('u', 'l', ' '), 1)]","[(('paul', 'trevor'), 1), (('trevor', 'haigh'), 1), (('haigh', 'street'), 1), (('street', 'everton'), 1), (('everton', 'liverpool'), 1)]",['JeudiPhoto'],['https://t.co/CpMRgcM7WJ'],1,0,0,0,0,1,0,0,0,22.22222222222222,0,0,11.11111111111111,0,0,0,55.55555555555556,0,11.11111111111111,0,0,0,0,0,0,Romance,French, 
jeudiphoto gadget 5 ans,0,4,5.0,0.875,"[(('j', 'e', 'u'), 1), (('e', 'u', 'd'), 1), (('u', 'd', 'i'), 1), (('d', 'i', 'p'), 1), (('i', 'p', 'h'), 1)]","[(('jeudiphoto', 'gadget'), 1), (('gadget', '5'), 1), (('5', 'ans'), 1)]",['jeudiphoto'],['https://t.co/TbyoGdpJey'],1,0,0,0,0,1,25.0,0,0,0,0,0,0,0,0,0,25.0,0,25.0,25.0,0,0,0,0,0,Romance,French, 
twin rocks cafe and gift shop bluff ptah jeudiphoto,1,9,4.777777777777778,0.4444444444444444,"[(('t', 'w', 'i'), 1), (('w', 'i', 'n'), 1), (('i', 'n', ' '), 1), (('n', ' ', 'r'), 1), ((' ', 'r', 'o'), 1)]","[(('twin', 'rocks'), 1), (('rocks', 'cafe'), 1), (('cafe', 'and'), 1), (('and', 'gift'), 1), (('gift', 'shop'), 1)]",['jeudiphoto'],['https://t.co/MClmX04mQ5'],1,0,0,0,0,1,0,0,0,77.77777777777779,0,0,0,11.11111111111111,0,0,0,11.11111111111111,0,0,0,0,0,0,0,Romance,French, 
collection sketch de chef hookedonwalls,0,5,7.0,1.2000000000000002,"[(('c', 'o', 'l'), 1), (('o', 'l', 'l'), 1), (('l', 'l', 'e'), 1), (('l', 'e', 'c'), 1), (('e', 'c', 't'), 1)]","[(('collection', 'sketch'), 1), (('sketch', 'de'), 1), (('de', 'chez'), 1), (('chez', 'hookedonwalls'), 1)]",['JeudiPhoto'],['https://t.co/wKbgjhkQpW'],1,0,0,0,0,1,0,0,0,80.0,20.0,0,0,0,0,0,0,0,0,0,0,0,0,0,0,Romance,French, 
jeudiphoto portbou,0,2,8.5,2.25,"[(('j', 'e', 'u'), 1), (('e', 'u', 'd'), 1), (('u', 'd', 'i'), 1), (('d', 'i', 'p'), 1), (('i', 'p', 'h'), 1)]","[(('jeudiphoto', 'portbou'), 1)]",['jeudiphoto'],['https://t.co/kD5mhvM2yb'],1,0,0,0,0,1,0,0,100.0,0,0,0,0,0,0,0,0,0,0,0,0,0,0,0,0,Romance,French, 
jeudiphoto instagram studio_phineas,0,3,11.0,2.0,"[(('u', 'd', 'i'), 2), (('j', 'e', 'u'), 1), (('e', 'u', 'd'), 1), (('d', 'i', 'p'), 1), (('i', 'p', 'h'), 1)]","[(('jeudiphoto', 'instagram'), 1), (('instagram', 'studio_phineas'), 1)]",['jeudiphoto'],['https://t.co/EZF1xVuDwF'],1,0,0,0,0,1,0,0,0,33.33333333333333,0,0,0,0,0,0,66.66666666666666,0,0,0,0,0,0,0,0,Romance,French, 
early morning when the riverbanks of the belong to runners and perm more to see and on my,0,18,4.0,0.16666666666666669,"[((' ', 'm', 'o'), 2), (('m', 'o', 'r'), 2), (('n', 'g', ' '), 2), ((' ', 't', 'h'), 2), (('t', 'h', 'e'), 2)]","[(('early', 'morning'), 1), (('morning', 'when'), 1), (('when', 'the'), 1), (('the', 'riverbanks'), 1), (('riverbanks', 'of'), 1)]","['Seine', 'Paris', 'photographers', 'follow', 'Instagram', 'photography', 'photooftheday', 'PhotographyIsArt', 'jeudiphoto']","['https://t.co/HcAw8tTWSg', 'https://t.co/jghRmAM50y']",9,0,0,0,0,2,5.555555555555555,16.666666666666664,0,22.22222222222222,22.22222222222222,0,11.11111111111111,11.11111111111111,0,0,0,11.11111111111111,0,0,0,0,0,0,0,Romance,French, 
tea time buona notate good night donne inuit,0,8,4.625,0.625,"[(('t', 'e', 'a'), 1), (('e', 'a', ' '), 1), (('a', ' ', 't'), 1), ((' ', 't', 'i'), 1), (('t', 'i', 'm'), 1)]","[(('tea', 'time'), 1), (('time', 'buona'), 1), (('buona', 'notte'), 1), (('notte', 'good'), 1), (('good', 'night'), 1)]","['Grasse', 'jeudiphoto', 'Dordogne']",['https://t.co/Qg4C2OlUWH'],3,0,0,0,0,1,12.5,0,0,50.0,0,0,12.5,0,0,0,0,12.5,0,12.5,0,0,0,0,0,Romance,French, 
jeudiphoto be carrelet chatelaillon page,0,5,7.2,1.7,"[(('j', 'e', 'u'), 1), (('e', 'u', 'd'), 1), (('u', 'd', 'i'), 1), (('d', 'i', 'p'), 1), (('i', 'p', 'h'), 1)]","[(('jeudiphoto', 'le'), 1), (('le', 'carrelet'), 1), (('carrelet', 'chatelaillon'), 1), (('chatelaillon', 'plage'), 1)]",['JeudiPhoto'],['https://t.co/G57mMsXj5Z'],1,0,0,0,0,1,0,0,0,60.0,0,0,0,0,0,0,20.0,20.0,0,0,0,0,0,0,0,Romance,French, 
throwback to one of the best concert i went to with some awesome people palayeroyale,0,15,4.666666666666667,0.26666666666666666,"[((' ', 't', 'o'), 2), (('t', 'o', ' '), 2), (('s', 'o', 'm'), 2), (('o', 'm', 'e'), 2), (('m', 'e', ' '), 2)]","[(('throwback', 'to'), 1), (('to', 'one'), 1), (('one', 'of'), 1), (('of', 'the'), 1), (('the', 'best'), 1)]",['jeudiphoto'],['https://t.co/GvmgQsYXn4'],1,0,0,0,0,1,13.333333333333334,13.333333333333334,0,20.0,26.666666666666668,6.666666666666667,0,0,0,0,0,13.333333333333334,6.666666666666667,0,0,0,0,0,0,Romance,French, 
like this video right now t co nh2ljmd30j,0,8,4.25,0.9375,"[(('l', 'i', 'k'), 1), (('i', 'k', 'e'), 1), (('k', 'e', ' '), 1), (('e', ' ', 't'), 1), ((' ', 't', 'h'), 1)]","[(('like', 'this'), 1), (('this', 'video'), 1), (('video', 'right'), 1), (('right', 'now'), 1), (('now', 't'), 1)]","['fortnite', 'fortniteseason2', 'Coronvirus', 'blockchain', '8mars', 'COVID19', 'SpotifyAwards', 'jeudiphoto', 'gaming', 'videogames', 'michou', 'WorldBookDay', '5MARS', 'meme', 'me_irl', 'fun', 'lol', 'swag', 'FromageDansUntitre', 'festabbb', 'https']",['https://t.co/nH2Ljmd30J'],21,0,0,0,0,1,0,12.5,0,12.5,12.5,0,25.0,0,0,0,25.0,0,0,12.5,0,0,0,0,0,Romance,French, 
photographic underground atmosphere,0,3,11.0,0.5,"[(('u', 'n', 'd'), 2), (('p', 'h', 'o'), 1), (('h', 'o', 't'), 1), (('o', 't', 'o'), 1), (('t', 'o', 'g'), 1)]","[(('photographie', 'underground'), 1), (('underground', 'atmosphere'), 1)]","['Photographie', 'jeudiphoto']",['https://t.co/qkL8bwIcxF'],2,0,0,0,0,1,66.66666666666666,0,0,33.33333333333333,0,0,0,0,0,0,0,0,0,0,0,0,0,0,0,Romance,French, 
yeezy boost 350 v2 triple white,0,6,4.333333333333333,0.75,"[(('y', 'e', 'e'), 1), (('e', 'e', 'z'), 1), (('e', 'z', 'y'), 1), (('z', 'y', ' '), 1), (('y', ' ', 'b'), 1)]","[(('yeezy', 'boost'), 1), (('boost', '350'), 1), (('350', 'v2'), 1), (('v2', 'triple'), 1), (('triple', 'white'), 1)]","['yeezy', 'sneakers', 'jeudiphoto']",['https://t.co/mP3tkc61J3'],3,0,0,0,0,1,33.33333333333333,0,0,16.666666666666664,0,0,0,0,0,0,16.666666666666664,16.666666666666664,16.666666666666664,0,0,0,0,0,0,Romance,French, 
thomas barbed,0,2,6.0,0.75,"[(('t', 'h', 'o'), 1), (('h', 'o', 'm'), 1), (('o', 'm', 'a'), 1), (('m', 'a', 's'), 1), (('a', 's', ' '), 1)]","[(('thomas', 'barbey'), 1)]",['jeudiphoto'],['https://t.co/LUqrSJIPse'],1,0,0,0,0,1,50.0,0,0,0,0,0,0,0,0,0,50.0,0,0,0,0,0,0,0,0,Romance,French, 
jeudiphoto sweet and talented vanning santoni today at theatrecapitole,0,9,6.888888888888889,1.0,"[(('j', 'e', 'u'), 1), (('e', 'u', 'd'), 1), (('u', 'd', 'i'), 1), (('d', 'i', 'p'), 1), (('i', 'p', 'h'), 1)]","[(('jeudiphoto', 'sweet'), 1), (('sweet', 'and'), 1), (('and', 'talented'), 1), (('talented', 'vannina'), 1), (('vannina', 'santoni'), 1)]",['jeudiphoto'],['https://t.co/rCZoVGpl42'],1,0,0,0,0,1,22.22222222222222,0,0,33.33333333333333,11.11111111111111,0,11.11111111111111,11.11111111111111,0,0,11.11111111111111,0,0,0,0,0,0,0,0,Romance,French, 
colorado en route to mesa verde possibly yaks,1,8,4.75,0.1875,"[(('c', 'o', 'l'), 1), (('o', 'l', 'o'), 1), (('l', 'o', 'r'), 1), (('o', 'r', 'a'), 1), (('r', 'a', 'd'), 1)]","[(('colorado', 'en'), 1), (('en', 'route'), 1), (('route', 'to'), 1), (('to', 'mesa'), 1), (('mesa', 'verde'), 1)]","['jeudiphoto', 'bovine']",['https://t.co/z4pTuBBn0U'],2,0,0,0,0,1,0,12.5,0,25.0,12.5,0,12.5,0,0,0,37.5,0,0,0,0,0,0,0,0,Romance,French, 
jeudiphoto follow me eur instagram bigvolpone,0,6,6.666666666666667,1.5,"[(('j', 'e', 'u'), 1), (('e', 'u', 'd'), 1), (('u', 'd', 'i'), 1), (('d', 'i', 'p'), 1), (('i', 'p', 'h'), 1)]","[(('jeudiphoto', 'follow'), 1), (('follow', 'me'), 1), (('me', 'sur'), 1), (('sur', 'instagram'), 1), (('instagram', 'bigvolpone'), 1)]","['jeudiphoto', 'JeFaisDeLartDuBoutDeMesGriffes']",['https://t.co/3cLQo80Q3m'],2,0,0,0,0,1,0,0,0,0,0,16.666666666666664,0,0,0,0,49.99999999999999,16.666666666666664,0,16.666666666666664,0,0,0,0,0,Romance,French, 
new quay cornwall national day of cornwall jeudiphoto,2,8,5.75,3.928571428571429,"[(('a', 'y', ' '), 2), ((' ', 'c', 'o'), 2), (('c', 'o', 'r'), 2), (('o', 'r', 'n'), 2), (('r', 'n', 'w'), 2)]","[(('newquay', 'cornwall'), 1), (('cornwall', 'national'), 1), (('national', 'day'), 1), (('day', 'of'), 1), (('of', 'cornwall'), 1)]","['jeudiphoto', 'blueskies']",['https://t.co/rZBFfFnt6U'],2,0,0,0,0,1,25.0,0,0,12.5,12.5,0,0,0,0,0,50.0,0,0,0,0,0,0,0,0,Romance,French, 
monkey mia natural dolphin reserve western australia jeudiphoto,1,8,7.0,0.6875,"[(('i', 'a', ' '), 2), (('r', 'a', 'l'), 2), (('m', 'o', 'n'), 1), (('o', 'n', 'k'), 1), (('n', 'k', 'e'), 1)]","[(('monkey', 'mia'), 1), (('mia', 'natural'), 1), (('natural', 'dolphin'), 1), (('dolphin', 'reserve'), 1), (('reserve', 'western'), 1)]","['jeudiphoto', 'bottlenosedolphins', 'sharkbay', 'peronpenisula']",['https://t.co/NbEdvveUuR'],4,0,0,0,0,1,25.0,0,0,37.5,0,0,0,0,0,0,25.0,12.5,0,0,0,0,0,0,0,Romance,French, 
mevagissey cornwall happy st pirian s day,1,7,5.0,1.0,"[(('m', 'e', 'v'), 1), (('e', 'v', 'a'), 1), (('v', 'a', 'g'), 1), (('a', 'g', 'i'), 1), (('g', 'i', 's'), 1)]","[(('mevagissey', 'cornwall'), 1), (('cornwall', 'happy'), 1), (('happy', 'st'), 1), (('st', 'pirian'), 1), (('pirian', 's'), 1)]","['NationalDayofCornwall', 'fishingport', 'prettyvillages', 'blueskies', 'jeudiphoto']",['https://t.co/iVSp69aMK2'],5,0,0,0,0,1,14.285714285714285,0,0,28.57142857142857,0,0,0,0,0,0,28.57142857142857,14.285714285714285,0,14.285714285714285,0,0,0,0,0,Romance,French, 
fort,0,1,4.0,0.0,"[(('f', 'o', 'r'), 1), (('o', 'r', 't'), 1)]",[],['jeudiphoto'],['https://t.co/zMypegWRy2'],1,0,0,0,0,1,0,0,0,0,0,0,0,0,0,0,100.0,0,0,0,0,0,0,0,0,Romance,French, 
drone shots follow on instagram _alessandroreggiani_ travelandtrip,0,7,8.571428571428571,0.21428571428571427,"[(('d', 'r', 'o'), 2), (('a', 'n', 'd'), 2), (('r', 'o', 'n'), 1), (('o', 'n', 'e'), 1), (('n', 'e', ' '), 1)]","[(('drone', 'shots'), 1), (('shots', 'follow'), 1), (('follow', 'on'), 1), (('on', 'instagram'), 1), (('instagram', '_alessandroreggiani_'), 1)]","['bonuscultura', '5marzo', 'onepiece973', 'Tottenham', 'coronavirus', 'COVID', 'skamitalia', 'NeverWornWhite', 'drone', 'droneshots', 'RIPTwitter', 'CoronaAlert', 'jeudiphoto', 'UnidosPorReyyan', 'Video', 'COVID19', 'Elite3']",['https://t.co/t5VbBqmAN2'],17,0,0,0,0,1,0,0,0,28.57142857142857,14.285714285714285,0,0,0,0,0,42.857142857142854,14.285714285714285,0,0,0,0,0,0,0,Romance,French, 
jeudiphoto usinage en coups machining under process,0,7,6.428571428571429,0.7142857142857143,"[(('j', 'e', 'u'), 1), (('e', 'u', 'd'), 1), (('u', 'd', 'i'), 1), (('d', 'i', 'p'), 1), (('i', 'p', 'h'), 1)]","[(('jeudiphoto', 'usinage'), 1), (('usinage', 'en'), 1), (('en', 'cours'), 1), (('cours', 'machining'), 1), (('machining', 'under'), 1)]","['jeudiphoto', 'avgeek', 'Engineering']",['https://t.co/SQhpnCKmG5'],3,0,0,0,0,1,0,14.285714285714285,0,42.857142857142854,14.285714285714285,0,0,0,0,0,28.57142857142857,0,0,0,0,0,0,0,0,Romance,French, 
bad boys,0,2,3.5,0.0,"[(('b', 'a', 'd'), 1), (('a', 'd', ' '), 1), (('d', ' ', 'b'), 1), ((' ', 'b', 'o'), 1), (('b', 'o', 'y'), 1)]","[(('bad', 'boys'), 1)]",['JeudiPhoto'],['https://t.co/CeGDzj7aQq'],1,0,0,0,0,1,50.0,0,0,50.0,0,0,0,0,0,0,0,0,0,0,0,0,0,0,0,Romance,French, 
jeudiphoto international brussels tattoo convention 19,0,6,8.166666666666666,0.75,"[(('t', 'i', 'o'), 2), (('i', 'o', 'n'), 2), (('j', 'e', 'u'), 1), (('e', 'u', 'd'), 1), (('u', 'd', 'i'), 1)]","[(('jeudiphoto', 'international'), 1), (('international', 'brussels'), 1), (('brussels', 'tattoo'), 1), (('tattoo', 'convention'), 1), (('convention', '19'), 1)]",['jeudiphoto'],['https://t.co/0ATDKk5Xyn'],1,0,0,0,0,1,16.666666666666664,0,0,33.33333333333333,0,0,0,0,0,0,33.33333333333333,0,16.666666666666664,0,0,0,0,0,0,Romance,French, 
photo by laetitia beady,0,4,5.0,0.5,"[(('p', 'h', 'o'), 1), (('h', 'o', 't'), 1), (('o', 't', 'o'), 1), (('t', 'o', ' '), 1), (('o', ' ', 'b'), 1)]","[(('photo', 'by'), 1), (('by', 'laetitia'), 1), (('laetitia', 'benady'), 1)]","['jeudiphoto', 'photooftheday', 'picoftheday', 'blackandwhite', 'tbt', 'Paris2020', 'France']",['https://t.co/fFJhJEYMbj'],7,0,0,0,0,1,25.0,0,0,25.0,25.0,0,0,0,0,0,25.0,0,0,0,0,0,0,0,0,Romance,French, 
somewhere over the rainbow,0,4,5.75,0.0,"[(('s', 'o', 'm'), 1), (('o', 'm', 'e'), 1), (('m', 'e', 'w'), 1), (('e', 'w', 'h'), 1), (('w', 'h', 'e'), 1)]","[(('somewhere', 'over'), 1), (('over', 'the'), 1), (('the', 'rainbow'), 1)]","['jeudiphoto', 'VINCIAirports', 'buisiness', 'privatejet']",['https://t.co/knt9aMk2sO'],4,0,0,0,0,1,0,25.0,0,25.0,25.0,0,25.0,0,0,0,0,0,0,0,0,0,0,0,0,Romance,French, 
sunrise amp clouds villedesete pixel 3a inst morgan_pch,0,8,6.0,0.875,"[(('s', 'u', 'n'), 1), (('u', 'n', 'r'), 1), (('n', 'r', 'i'), 1), (('r', 'i', 's'), 1), (('i', 's', 'e'), 1)]","[(('sunrise', 'amp'), 1), (('amp', 'clouds'), 1), (('clouds', 'villedesete'), 1), (('villedesete', 'pixel'), 1), (('pixel', '3a'), 1)]","['jeudiphoto', 'teampixel']",['https://t.co/LjaGpfJfaJ'],2,0,0,0,0,1,0,0,0,62.5,0,0,0,0,0,0,0,0,0,37.5,0,0,0,0,0,Romance,French, 
be kip focus on providing a unique luxurious driving experience anywhere in dubai we are experts in the world of luxury car rental call 971522447777,1,25,4.96,0.5,"[(('u', 's', ' '), 2), (('i', 'n', 'g'), 2), (('n', 'g', ' '), 2), ((' ', 'l', 'u'), 2), (('l', 'u', 'x'), 2)]","[(('be', 'vip'), 1), (('vip', 'focus'), 1), (('focus', 'on'), 1), (('on', 'providing'), 1), (('providing', 'a'), 1)]","['___', 'KhalilUrRahmanQamar', 'RIPTwitter', 'Coronvirus', 'T20WorldCup', 'WorldBookDay', 'jeudiphoto']",['https://t.co/47GLcgxYD8'],7,0,0,0,0,1,8.0,8.0,0,32.0,16.0,4.0,4.0,0,0,0,4.0,20.0,4.0,0,0,0,0,0,0,Romance,French, 
rip twitter katy berry card b daddy mommy 18 porn sugar sex money,0,13,4.076923076923077,2.625,"[((' ', 'm', 'o'), 2), (('r', 'i', 'p'), 1), (('i', 'p', ' '), 1), (('p', ' ', 't'), 1), ((' ', 't', 'w'), 1)]","[(('riptwitter', 'katy'), 1), (('katy', 'perry'), 1), (('perry', 'cardi'), 1), (('cardi', 'b'), 1), (('b', 'daddy'), 1)]","['RIPTwitter', 'Coronvirus', 'Covid_19', 'coronavirus', 'jeudiphoto', 'EURO2020', 'COVID19', 'EnglishVocabularySizeTest', 'NCT127_KickIt', 'Hidalgo', 'LPPR', 'EnglishVocabularySizeTest', 'CoronaAlert', 'Hanau', 'Flybecollapse']",['https://t.co/XzcNlcvksB'],15,0,0,0,0,1,0,0,0,61.53846153846154,0,0,0,0,0,0,23.076923076923077,7.6923076923076925,7.6923076923076925,0,0,0,0,0,0,Romance,French, 
golden lady canonfrance maris,0,4,6.5,1.0,"[(('g', 'o', 'l'), 1), (('o', 'l', 'd'), 1), (('l', 'd', 'e'), 1), (('d', 'e', 'n'), 1), (('e', 'n', ' '), 1)]","[(('golden', 'lady'), 1), (('lady', 'canonfrance'), 1), (('canonfrance', 'paris'), 1)]","['jeudiphoto', 'Paris']",['https://t.co/OCMcAuBBnO'],2,0,0,0,0,1,25.0,0,0,50.0,0,0,0,0,0,0,25.0,0,0,0,0,0,0,0,0,Romance,French, 
recette via saveurhealthy porridge aux carottes,0,6,7.0,0.8333333333333334,"[(('t', 't', 'e'), 2), (('r', 'e', 'c'), 1), (('e', 'c', 'e'), 1), (('c', 'e', 't'), 1), (('e', 't', 't'), 1)]","[(('recette', 'via'), 1), (('via', 'saveurhealthy'), 1), (('saveurhealthy', 'porridge'), 1), (('porridge', 'aux'), 1), (('aux', 'carottes'), 1)]","['Recette', 'porridge', 'carotte', 'food', 'yummy', 'bon', 'plat', 'faitmaison', 'jeudiphoto']","['https://t.co/xAThJ0g6Qn', 'https://t.co/kuPzhoBkPl']",9,0,0,0,0,2,0,0,0,49.99999999999999,16.666666666666664,0,0,0,0,0,33.33333333333333,0,0,0,0,0,0,0,0,Romance,French, 
thomas barbed,0,2,6.0,0.75,"[(('t', 'h', 'o'), 1), (('h', 'o', 'm'), 1), (('o', 'm', 'a'), 1), (('m', 'a', 's'), 1), (('a', 's', ' '), 1)]","[(('thomas', 'barbey'), 1)]",['jeudiphoto'],['https://t.co/3jLbbP1UaJ'],1,0,0,0,0,1,50.0,0,0,0,0,0,0,0,0,0,50.0,0,0,0,0,0,0,0,0,Romance,French, 
who is the man that would risk his neck for his brother man,0,13,3.6153846153846154,0.19230769230769232,"[(('i', 's', ' '), 3), ((' ', 't', 'h'), 2), (('t', 'h', 'e'), 2), ((' ', 'm', 'a'), 2), (('m', 'a', 'n'), 2)]","[(('who', 'is'), 1), (('is', 'the'), 1), (('the', 'man'), 1), (('man', 'that'), 1), (('that', 'would'), 1)]","['cinema', 'jeudiphoto', 'Hollywood', 'soul']",[],4,0,0,0,0,0,0,23.076923076923077,0,30.76923076923077,15.384615384615385,7.6923076923076925,0,0,0,0,0,23.076923076923077,0,0,0,0,0,0,0,Romance,French, 
the weather is miserable the world is a tough place but i just received some lovely flowers so la vie est belle,1,22,4.090909090909091,0.22727272727272727,"[(('t', 'h', 'e'), 3), (('h', 'e', ' '), 2), (('e', ' ', 'w'), 2), ((' ', 'i', 's'), 2), (('i', 's', ' '), 2)]","[(('the', 'weather'), 1), (('weather', 'is'), 1), (('is', 'miserable'), 1), (('miserable', 'the'), 1), (('the', 'world'), 1)]","['flowerpower', 'ThankYou', 'jeudiphoto']",['https://t.co/hfWSdl5YuB'],3,0,0,0,0,1,13.636363636363637,18.181818181818183,0,18.181818181818183,4.545454545454546,4.545454545454546,4.545454545454546,4.545454545454546,0,0,18.181818181818183,13.636363636363637,0,0,0,0,0,0,0,Romance,French, 
the best place publique,0,4,5.0,0.375,"[(('t', 'h', 'e'), 1), (('h', 'e', ' '), 1), (('e', ' ', 'b'), 1), ((' ', 'b', 'e'), 1), (('b', 'e', 's'), 1)]","[(('the', 'best'), 1), (('best', 'place'), 1), (('place', 'publique'), 1)]","['Municipales2020', 'Coronvirus', 'RIPTwitter', 'coronavirus', 'CoronaAlert', 'Hanau', 'jeudiphoto', 'CamilleOffreMoiLesCharrues', 'COVID19', 'COVID19', 'JourDuDereglement', 'festabbb', 'NeverWornWhite', 'Strasbourg', 'cokseksikadinlar', 'pentil']",['https://t.co/rmJyM2HiCA'],16,0,0,0,0,1,25.0,25.0,0,50.0,0,0,0,0,0,0,0,0,0,0,0,0,0,0,0,Romance,French, 
sunset in do you see the mont blanch from afar big living town and the mountains are not far away too so lucky to capture such a scene,0,28,3.8214285714285716,0.1607142857142857,"[((' ', 't', 'o'), 3), ((' ', 't', 'h'), 2), (('t', 'h', 'e'), 2), (('h', 'e', ' '), 2), (('e', ' ', 'm'), 2)]","[(('sunset', 'in'), 1), (('in', 'do'), 1), (('do', 'you'), 1), (('you', 'see'), 1), (('see', 'the'), 1)]","['Lyon', 'JeudiPhoto', 'OnlyLyon', 'RhoneAlpes', 'AuvergneRhoneAlpes', 'ChamonixMontBlanc', 'photographie', 'coucherdesoleil', 'LUMIX', 'FullFrame']",['https://t.co/X0Tta7FJFU'],10,0,0,0,0,1,10.714285714285714,10.714285714285714,0,14.285714285714285,10.714285714285714,3.571428571428571,21.428571428571423,3.571428571428571,0,0,7.142857142857142,17.857142857142854,0,0,0,0,0,0,0,Romance,French, 
check it out,0,3,3.3333333333333335,0.3333333333333333,"[(('c', 'h', 'e'), 1), (('h', 'e', 'c'), 1), (('e', 'c', 'k'), 1), (('c', 'k', ' '), 1), (('k', ' ', 'i'), 1)]","[(('check', 'it'), 1), (('it', 'out'), 1)]","['RIPTwitter', 'Coronvirus', 'FromageDansUntitre', 'jeudiphoto', 'AyaNakamura', 'RosaParks', 'KatyPerry', 'ChromaticaBall', 'GreedIsland', 'TomorrowlandWinter']",['https://t.co/2kziDaKsbG'],10,0,0,0,0,1,0,0,0,0,0,33.33333333333333,0,0,0,0,0,33.33333333333333,0,0,33.33333333333333,0,0,0,0,Romance,French, 
grand canyon arizona jeudiphoto,1,4,7.0,0.875,"[(('g', 'r', 'a'), 1), (('r', 'a', 'n'), 1), (('a', 'n', 'd'), 1), (('n', 'd', ' '), 1), (('d', ' ', 'c'), 1)]","[(('grand', 'canyon'), 1), (('canyon', 'arizona'), 1), (('arizona', 'jeudiphoto'), 1)]","['jeudiphoto', 'NaturePhotography', 'naturelover', 'grandcanyon']",['https://t.co/C0I0dk9qmG'],4,0,0,0,0,1,25.0,0,0,25.0,0,0,0,0,0,0,50.0,0,0,0,0,0,0,0,0,Romance,French, 
yo mp3 lease 20 exclusive 100 1 buy 1 beat free this beat is available on you tube,1,18,3.611111111111111,0.5294117647058824,"[((' ', '1', ' '), 2), (('1', ' ', 'b'), 2), ((' ', 'b', 'e'), 2), (('b', 'e', 'a'), 2), (('e', 'a', 't'), 2)]","[(('yo', 'mp3'), 1), (('mp3', 'lease'), 1), (('lease', '20'), 1), (('20', 'exclusive'), 1), (('exclusive', '100'), 1)]","['jeudiphoto', 'LoveIsBlind', 'NeverWornWhite', 'rapper', 'hiphop', 'hiphopbeats', 'rapbeats', 'rapbeat', 'instrumental', 'InstrumentalMusic', 'instrumentals', 'music', 'Beats']","['https://t.co/zQ8FAqyKnq', 'https://t.co/UFIYMNDwJc']",13,0,0,0,0,2,16.666666666666664,5.555555555555555,5.555555555555555,16.666666666666664,5.555555555555555,5.555555555555555,0,0,0,0,0,22.22222222222222,22.22222222222222,0,0,0,0,0,0,Romance,French, 
punk s not dead sarcelle d diver eurasian teal cooplodp rspb _bto ornithomedia festivaloiseau leicabirding birdcenter_ birdwatchextra audubonsociety,0,18,7.277777777777778,1.5555555555555554,"[(('b', 'i', 'r'), 3), (('i', 'r', 'd'), 3), ((' ', 'b', 'i'), 2), (('p', 'u', 'n'), 1), (('u', 'n', 'k'), 1)]","[(('punk', 's'), 1), (('s', 'not'), 1), (('not', 'dead'), 1), (('dead', 'sarcelle'), 1), (('sarcelle', 'd'), 1)]","['sarcellekepon', 'TwitterNatureCommunity', 'jeudiphoto', 'birdwatching', 'birds', 'oiseaux']",['https://t.co/idOgORvsQ1'],6,0,0,0,0,1,5.555555555555555,0,0,5.555555555555555,0,0,5.555555555555555,0,0,0,55.555555555555564,11.11111111111111,0,16.666666666666664,0,0,0,0,0,Romance,French, 
antibes,0,1,7.0,1.0,"[(('a', 'n', 't'), 1), (('n', 't', 'i'), 1), (('t', 'i', 'b'), 1), (('i', 'b', 'e'), 1), (('b', 'e', 's'), 1)]",[],"['jeudiphoto', 'antibes', 'alpes', 'neige', 'snow', 'CotedAzur', 'sailboat', 'pogoria']",['https://t.co/jZIzqh2aSB'],8,0,0,0,0,1,0,0,0,0,0,0,0,0,0,0,100.0,0,0,0,0,0,0,0,0,Romance,French, 
drbiden you were great by the way did you also earn an in at university,0,15,3.8,0.26666666666666666,"[((' ', 'y', 'o'), 2), (('y', 'o', 'u'), 2), (('o', 'u', ' '), 2), (('a', 't', ' '), 2), (('n', ' ', 'a'), 2)]","[(('drbiden', 'you'), 1), (('you', 'were'), 1), (('were', 'great'), 1), (('great', 'by'), 1), (('by', 'the'), 1)]","['DrJillBiden', 'PhD', 'martialarts', 'jeudiphoto']",[],4,0,0,0,0,0,6.666666666666667,13.333333333333334,0,20.0,13.333333333333334,13.333333333333334,6.666666666666667,0,0,0,0,26.666666666666668,0,0,0,0,0,0,0,Romance,French, 
have you ever heard of hum island in the antarctic antartica camguthrie riviera radio,0,14,5.142857142857143,0.576923076923077,"[((' ', 'a', 'n'), 2), (('a', 'n', 't'), 2), (('n', 't', 'a'), 2), (('t', 'a', 'r'), 2), (('t', 'i', 'c'), 2)]","[(('have', 'you'), 1), (('you', 'ever'), 1), (('ever', 'heard'), 1), (('heard', 'of'), 1), (('of', 'hum'), 1)]","['DavidAttenborough', 'jeudiphoto', 'MartinHumPhDDHD', 'Toronto']",['https://t.co/ZORASQYIJX'],4,0,0,0,0,1,0,14.285714285714285,0,21.428571428571427,14.285714285714285,7.142857142857142,7.142857142857142,0,0,0,21.428571428571427,14.285714285714285,0,0,0,0,0,0,0,Romance,French, 
i want to walk into a room be it a hospital for the dying or a hospital for the sick children and feel that i am needed i want to do not just to be princess diana tpgallery thephotohour lens culture,0,41,3.8536585365853657,0.4,"[(('t', 'o', ' '), 4), ((' ', 't', 'h'), 4), ((' ', 'w', 'a'), 3), (('t', ' ', 't'), 3), ((' ', 't', 'o'), 3)]","[(('i', 'want'), 2), (('want', 'to'), 2), (('a', 'hospital'), 2), (('hospital', 'for'), 2), (('for', 'the'), 2)]","['PapuaNewGuinea', 'Bougainville', 'photography', 'vss365', 'fujifilm', 'jeudiphoto']",['https://t.co/NkMuqv6tvu'],6,0,0,0,0,1,4.878048780487805,12.195121951219512,0,14.634146341463415,14.634146341463415,12.195121951219512,4.878048780487805,4.878048780487805,0,0,9.75609756097561,21.95121951219512,0,0,0,0,0,0,0,Romance,French, 
trending topics fr 07 14 gt 1 gt 4,0,9,2.888888888888889,0.3888888888888889,"[((' ', 'g', 't'), 2), (('g', 't', ' '), 2), (('t', 'r', 'e'), 1), (('r', 'e', 'n'), 1), (('e', 'n', 'd'), 1)]","[(('trending', 'topics'), 1), (('topics', 'fr'), 1), (('fr', '07'), 1), (('07', '14'), 1), (('14', 'gt'), 1)]","['jeudiphoto', 'BrunoAuSki']",['https://t.co/h2jFuG7Oeh'],2,0,0,0,0,1,0,0,0,33.33333333333333,22.22222222222222,0,0,0,0,0,0,11.11111111111111,33.33333333333333,0,0,0,0,0,0,Romance,French, 
if you need to put a lock onto your love maybe it s not gt,0,15,2.933333333333333,0.15625,"[((' ', 'y', 'o'), 2), (('y', 'o', 'u'), 2), (('t', 'o', ' '), 2), ((' ', 'l', 'o'), 2), (('i', 'f', ' '), 1)]","[(('if', 'you'), 1), (('you', 'need'), 1), (('need', 'to'), 1), (('to', 'put'), 1), (('put', 'a'), 1)]","['love', 'photooftheday', 'photography', 'paris', 'jeudiphoto']","['https://t.co/HcAw8tTWSg', 'https://t.co/l2V0JJvTkN']",5,0,0,0,0,2,0,13.333333333333334,0,13.333333333333334,20.0,13.333333333333334,13.333333333333334,0,0,0,0,26.666666666666668,0,0,0,0,0,0,0,Romance,French, 
the people who follow me on are getting most of the fun but here are 2 photos i just took in want more go to and,0,26,3.3461538461538463,0.23076923076923078,"[(('r', 'e', ' '), 4), (('t', 'h', 'e'), 2), (('h', 'e', ' '), 2), ((' ', 'a', 'r'), 2), (('a', 'r', 'e'), 2)]","[(('the', 'people'), 1), (('people', 'who'), 1), (('who', 'follow'), 1), (('follow', 'me'), 1), (('me', 'on'), 1)]","['Instagram', 'Paris', 'France', 'follow', 'streetphotography', 'jeudiphoto', 'photographie', 'BonDimanche']","['https://t.co/HcAw8tTWSg', 'https://t.co/fQelRK6ft9']",8,0,0,0,0,2,0,7.6923076923076925,0,11.538461538461538,15.384615384615385,11.538461538461538,15.384615384615385,7.6923076923076925,0,0,0,26.923076923076923,3.8461538461538463,0,0,0,0,0,0,Romance,French, 
lying low stacking up,0,4,4.5,0.375,"[(('i', 'n', 'g'), 2), (('n', 'g', ' '), 2), (('l', 'y', 'i'), 1), (('y', 'i', 'n'), 1), (('g', ' ', 'l'), 1)]","[(('laying', 'low'), 1), (('low', 'stackin'), 1), (('stackin', 'up'), 1)]","['jeudiphoto', 'melanin', 'marie', 'nike', 'ivorian', 'camo', 'ContentCreator', 'youtuber', 'vlogger', 'pose', 'photography', 'photographer', 'twitter', 'like', 'follow', 'influencer', 'Motivation', 'ThursdayMotivation', 'thursdayvibes', 'ootd', 'wce']",['https://t.co/vFGJUwmW5d'],21,0,0,0,0,1,25.0,0,0,0,0,0,0,0,0,0,0,50.0,0,0,25.0,0,0,0,0,Romance,French, 
join the click funnels and let them buy your dream car for you,0,13,3.8461538461538463,2.0,"[((' ', 't', 'h'), 2), (('t', 'h', 'e'), 2), ((' ', 'y', 'o'), 2), (('y', 'o', 'u'), 2), (('j', 'o', 'i'), 1)]","[(('join', 'the'), 1), (('the', 'clickfunnels'), 1), (('clickfunnels', 'and'), 1), (('and', 'let'), 1), (('let', 'thembuy'), 1)]","['Coronvirus', '49al3', 'TopChef', '5MARS', 'JUNxFLA', 'Chromatica', 'Chromatica', 'NCT127_KickIt', 'OlivierCarbone', 'jeudiphoto', '5marzo', '2wish', 'BBBB20', 'BestFanArmy', 'Coronavid19']","['https://t.co/0P39pF6XwY', 'https://t.co/EAZmlE7QPu', 'https://t.co/9gJmKyNTuJ']",15,0,0,0,0,3,0,15.384615384615385,0,30.76923076923077,7.6923076923076925,15.384615384615385,0,7.6923076923076925,0,0,0,23.076923076923077,0,0,0,0,0,0,0,Romance,French, 
amazing downloaded for facebook tiktok instagram videos,0,7,7.0,0.4285714285714286,"[(('o', 'k', ' '), 2), (('a', 'm', 'a'), 1), (('m', 'a', 'z'), 1), (('a', 'z', 'i'), 1), (('z', 'i', 'n'), 1)]","[(('amazing', 'downloader'), 1), (('downloader', 'for'), 1), (('for', 'facebook'), 1), (('facebook', 'tiktok'), 1), (('tiktok', 'instagram'), 1)]","['WorldBookDay', 'ON5thWin', 'T20WorldCup', 'AUSvSA', 'ToiletPaperEmergency', 'MakeTrumpNervousIn4Words', 'festabbb', 'RIPTwitter', 'Coronvirus', 'jeudiphoto']","['https://t.co/vHepUbuUWH', 'https://t.co/Lj197TlWeY']",10,0,0,0,0,2,14.285714285714285,0,0,14.285714285714285,14.285714285714285,0,0,0,0,0,42.857142857142854,14.285714285714285,0,0,0,0,0,0,0,Romance,French, 
en lives la blantrouille eur evil within lien au stream,1,10,4.6,0.75,"[(('e', 'n', ' '), 2), (('n', ' ', 'l'), 2), ((' ', 'l', 'i'), 2), (('l', 'i', 'v'), 1), (('i', 'v', 'e'), 1)]","[(('en', 'live'), 1), (('live', 'la'), 1), (('la', 'blantrouille'), 1), (('blantrouille', 'sur'), 1), (('sur', 'evil'), 1)]","['live', 'LIVE', 'streaming', 'stream', 'twitch', 'streamer', 'twitchtv', 'twitchstream', 'twitchlive', 'streamduo', 'theevilwithin', 'aventure', 'twitchstreamer', 'DIRECT', 'horror', 'horreur', 'jeudiphoto']","['https://t.co/d3drOvlFEv', 'https://t.co/tTF7JWe6nR']",17,0,0,0,0,2,10.0,0,0,20.0,10.0,0,10.0,0,0,0,20.0,10.0,0,20.0,0,0,0,0,0,Romance,French, 
amazing downloaded for facebook tiktok instagram videos,0,7,7.0,0.4285714285714286,"[(('o', 'k', ' '), 2), (('a', 'm', 'a'), 1), (('m', 'a', 'z'), 1), (('a', 'z', 'i'), 1), (('z', 'i', 'n'), 1)]","[(('amazing', 'downloader'), 1), (('downloader', 'for'), 1), (('for', 'facebook'), 1), (('facebook', 'tiktok'), 1), (('tiktok', 'instagram'), 1)]","['WorldBookDay', 'ON5thWin', 'T20WorldCup', 'AUSvSA', 'ToiletPaperEmergency', 'MakeTrumpNervousIn4Words', 'festabbb', 'RIPTwitter', 'Coronvirus', 'jeudiphoto']",['https://t.co/vHepUbuUWH'],10,0,0,0,0,1,14.285714285714285,0,0,14.285714285714285,14.285714285714285,0,0,0,0,0,42.857142857142854,14.285714285714285,0,0,0,0,0,0,0,Romance,French, 
join the click funnels and let them buy your dream car for you,0,13,3.8461538461538463,2.0,"[((' ', 't', 'h'), 2), (('t', 'h', 'e'), 2), ((' ', 'y', 'o'), 2), (('y', 'o', 'u'), 2), (('j', 'o', 'i'), 1)]","[(('join', 'the'), 1), (('the', 'clickfunnels'), 1), (('clickfunnels', 'and'), 1), (('and', 'let'), 1), (('let', 'thembuy'), 1)]","['Coronvirus', '49al3', 'TopChef', '5MARS', 'JUNxFLA', 'Chromatica', 'Chromatica', 'NCT127_KickIt', 'OlivierCarbone', 'jeudiphoto', '5marzo', '2wish', 'BBBB20', 'BestFanArmy', 'Coronavid19']","['https://t.co/0P39pF6XwY', 'https://t.co/EAZmlE7QPu']",15,0,0,0,0,2,0,15.384615384615385,0,30.76923076923077,7.6923076923076925,15.384615384615385,0,7.6923076923076925,0,0,0,23.076923076923077,0,0,0,0,0,0,0,Romance,French, 
