correctedSentence,originalSentence,elongated,caps,sentenceLength,sentenceWordLength,spellDelta,charNGrams,wordNGrams,hashtag,url,atUser,#,@,E,",",~,U,A,D,!,N,P,O,R,&,L,Z,^,V,$,G,T,X,S,Y,M,langFam,lang,user
type,"type
 ",0,0,1,4.0,0.0,"[(('t', 'y', 'p'), 1), (('y', 'p', 'e'), 1)]",[],['annkw'],['https://t.co/9Xy8FCU5RZ'],[],1,0,0,0,0,1,0,0,0,100.0,0,0,0,0,0,0,0,0,0,0,0,0,0,0,0,Japonic,Japanese, 
kiss amp cry,kiss&amp;cry  ,0,0,3,3.3333333333333335,0.0,"[(('k', 'i', 's'), 1), (('i', 's', 's'), 1), (('s', 's', ' '), 1), (('s', ' ', 'a'), 1), ((' ', 'a', 'm'), 1)]","[(('kiss', 'amp'), 1), (('amp', 'cry'), 1)]",['annkw'],['https://t.co/5M5gZYCnZo'],[],1,0,0,0,0,1,0,0,0,0,0,0,0,0,0,0,0,33.33333333333333,0,0,0,0,0,0,0,Japonic,Japanese, 
good,"good
",0,0,1,4.0,0.5,"[(('g', 'o', 'o'), 1), (('o', 'o', 'd'), 1)]",[],['annkw'],[],[],1,0,0,0,0,0,100.0,0,0,0,0,0,0,0,0,0,0,0,0,0,0,0,0,0,0,Japonic,Japanese, 
nuts,nuts! ,0,0,1,4.0,0.0,"[(('n', 'u', 't'), 1), (('u', 't', 's'), 1)]",[],['annkw'],[],[],1,0,0,100.0,0,0,0,0,0,100.0,0,0,0,0,0,0,0,0,0,0,0,0,0,0,0,Japonic,Japanese, 
kiss amp cry,Kiss &amp; Cry ,0,0,3,3.3333333333333335,0.0,"[(('k', 'i', 's'), 1), (('i', 's', 's'), 1), (('s', 's', ' '), 1), (('s', ' ', 'a'), 1), ((' ', 'a', 'm'), 1)]","[(('kiss', 'amp'), 1), (('amp', 'cry'), 1)]",['annkw'],[],[],1,0,0,0,0,0,0,0,0,0,0,0,0,33.33333333333333,0,0,0,66.66666666666666,0,0,0,0,0,0,0,Japonic,Japanese, 
see you ar ayabe,"See you Mr. Ayabe!
",0,0,4,3.25,0.625,"[(('s', 'e', 'e'), 1), (('e', 'e', ' '), 1), (('e', ' ', 'y'), 1), ((' ', 'y', 'o'), 1), (('y', 'o', 'u'), 1)]","[(('see', 'you'), 1), (('you', 'mr'), 1), (('mr', 'ayabe'), 1)]",['annkw'],[],[],1,0,0,25.0,0,0,0,0,0,0,0,25.0,0,0,0,0,50.0,25.0,0,0,0,0,0,0,0,Japonic,Japanese, 
love2000,LOVE2000 ,1,1,1,8.0,2.5,"[(('l', 'o', 'v'), 1), (('o', 'v', 'e'), 1), (('v', 'e', '2'), 1), (('e', '2', '0'), 1), (('2', '0', '0'), 1)]",[],['annkw'],[],[],1,0,0,0,0,0,0,0,100.0,0,0,0,0,0,0,0,0,0,0,0,0,0,0,0,0,Japonic,Japanese, 
teenager forever,"Teenager forever 
",0,0,2,7.5,0.0,"[(('t', 'e', 'e'), 1), (('e', 'e', 'n'), 1), (('e', 'n', 'a'), 1), (('n', 'a', 'g'), 1), (('a', 'g', 'e'), 1)]","[(('teenager', 'forever'), 1)]",['annkw'],[],[],1,0,0,0,0,0,0,0,0,50.0,0,0,50.0,0,0,0,0,0,0,0,0,0,0,0,0,Japonic,Japanese, 
teenagers forever,"Teenagers Forever
 ",0,0,2,8.0,0.0,"[(('t', 'e', 'e'), 1), (('e', 'e', 'n'), 1), (('e', 'n', 'a'), 1), (('n', 'a', 'g'), 1), (('a', 'g', 'e'), 1)]","[(('teenagers', 'forever'), 1)]",['annkw'],[],[],1,0,0,0,0,0,0,0,0,50.0,0,0,50.0,0,0,0,0,0,0,0,0,0,0,0,0,Japonic,Japanese, 
sold out,"SOLD OUT

 ",0,2,2,3.5,0.0,"[(('s', 'o', 'l'), 1), (('o', 'l', 'd'), 1), (('l', 'd', ' '), 1), (('d', ' ', 'o'), 1), ((' ', 'o', 'u'), 1)]","[(('sold', 'out'), 1)]",['annkw'],['https://t.co/U9rrs12XTy'],[],1,0,0,0,0,1,0,0,0,0,0,0,0,0,0,0,0,50.0,0,0,50.0,0,0,0,0,Japonic,Japanese, 
looser,(;)Looser  ,0,0,1,6.0,0.0,"[(('l', 'o', 'o'), 1), (('o', 'o', 's'), 1), (('o', 's', 'e'), 1), (('s', 'e', 'r'), 1)]",[],['annkw'],[],[],1,0,100.0,100.0,0,0,0,0,0,100.0,0,0,0,0,0,0,0,0,0,0,0,0,0,0,0,Japonic,Japanese, 
saturday night kasumin,"Saturday Night Kasumin
",0,0,3,6.666666666666667,0.6666666666666666,"[(('s', 'a', 't'), 1), (('a', 't', 'u'), 1), (('t', 'u', 'r'), 1), (('u', 'r', 'd'), 1), (('r', 'd', 'a'), 1)]","[(('saturday', 'night'), 1), (('night', 'kasumin'), 1)]",['annkw'],[],[],1,0,0,0,0,0,0,0,0,33.33333333333333,0,0,0,0,0,0,33.33333333333333,33.33333333333333,0,0,0,0,0,0,0,Japonic,Japanese, 
bump of chicken,"
BUMP OF CHICKEN
",0,2,3,4.333333333333333,0.0,"[(('b', 'u', 'm'), 1), (('u', 'm', 'p'), 1), (('m', 'p', ' '), 1), (('p', ' ', 'o'), 1), ((' ', 'o', 'f'), 1)]","[(('bump', 'of'), 1), (('of', 'chicken'), 1)]",['annkw'],[],[],1,0,0,0,0,0,0,0,0,33.33333333333333,33.33333333333333,0,0,0,0,0,33.33333333333333,0,0,0,0,0,0,0,0,Japonic,Japanese, 
love2000,"LOVE2000
",1,1,1,8.0,2.5,"[(('l', 'o', 'v'), 1), (('o', 'v', 'e'), 1), (('v', 'e', '2'), 1), (('e', '2', '0'), 1), (('2', '0', '0'), 1)]",[],['annkw'],[],[],1,0,0,0,0,0,0,0,100.0,0,0,0,0,0,0,0,0,0,0,0,0,0,0,0,0,Japonic,Japanese, 
sing out,"Sing Out!
 ",0,0,2,3.5,0.0,"[(('s', 'i', 'n'), 1), (('i', 'n', 'g'), 1), (('n', 'g', ' '), 1), (('g', ' ', 'o'), 1), ((' ', 'o', 'u'), 1)]","[(('sing', 'out'), 1)]",['annkw'],[],[],1,0,0,50.0,0,0,0,0,0,0,0,0,0,0,0,0,0,50.0,0,0,50.0,0,0,0,0,Japonic,Japanese, 
hey don t move ar this is america,"Hey, don't move.

(Mr.)
This is America.


",0,0,8,3.25,0.3125,"[(('i', 's', ' '), 2), (('h', 'e', 'y'), 1), (('e', 'y', ' '), 1), (('y', ' ', 'd'), 1), ((' ', 'd', 'o'), 1)]","[(('hey', 'don'), 1), (('don', 't'), 1), (('t', 'move'), 1), (('move', 'mr'), 1), (('mr', 'this'), 1)]","['annkw', 'ANN10']",[],[],2,0,0,62.5,0,0,0,0,12.5,0,0,12.5,0,0,0,0,25.0,37.5,0,0,0,0,0,0,0,Japonic,Japanese, 
hey mont move wwwwww,"Hey! Dont move!!!!!!!wwwwww
",1,0,4,4.25,1.0,"[(('w', 'w', 'w'), 4), ((' ', 'm', 'o'), 2), (('h', 'e', 'y'), 1), (('e', 'y', ' '), 1), (('y', ' ', 'm'), 1)]","[(('hey', 'dont'), 1), (('dont', 'move'), 1), (('move', 'wwwwww'), 1)]",['annkw'],[],[],1,0,25.0,50.0,0,0,0,0,25.0,0,0,0,0,0,0,0,0,50.0,0,0,0,0,0,0,0,Japonic,Japanese, 
thank you ar ayabe,"Thank You Mr. AYABE!!!

",1,1,4,3.75,0.625,"[(('t', 'h', 'a'), 1), (('h', 'a', 'n'), 1), (('a', 'n', 'k'), 1), (('n', 'k', ' '), 1), (('k', ' ', 'y'), 1)]","[(('thank', 'you'), 1), (('you', 'mr'), 1), (('mr', 'ayabe'), 1)]",['annkw'],[],[],1,0,0,25.0,0,0,0,0,0,0,0,25.0,0,0,0,0,50.0,25.0,0,0,0,0,0,0,0,Japonic,Japanese, 
this is america,"This is America
",0,0,3,4.333333333333333,0.16666666666666666,"[(('i', 's', ' '), 2), (('t', 'h', 'i'), 1), (('h', 'i', 's'), 1), (('s', ' ', 'i'), 1), ((' ', 'i', 's'), 1)]","[(('this', 'is'), 1), (('is', 'america'), 1)]",['annkw'],[],[],1,0,0,0,0,0,0,0,0,0,0,33.33333333333333,0,0,0,0,33.33333333333333,33.33333333333333,0,0,0,0,0,0,0,Japonic,Japanese, 
demon telephone,"demon telephone

 ",0,0,2,7.0,0.0,"[(('d', 'e', 'm'), 1), (('e', 'm', 'o'), 1), (('m', 'o', 'n'), 1), (('o', 'n', ' '), 1), (('n', ' ', 't'), 1)]","[(('demon', 'telephone'), 1)]",['annkw'],[],[],1,0,0,0,0,0,0,0,0,100.0,0,0,0,0,0,0,0,0,0,0,0,0,0,0,0,Japonic,Japanese, 
take2,"Take2
",0,0,1,5.0,0.5,"[(('t', 'a', 'k'), 1), (('a', 'k', 'e'), 1), (('k', 'e', '2'), 1)]",[],['annkw'],[],[],1,0,0,0,0,0,0,0,0,0,0,0,0,0,0,0,100.0,0,0,0,0,0,0,0,0,Japonic,Japanese, 
teenager forever,"Teenager Forever
",0,0,2,7.5,0.0,"[(('t', 'e', 'e'), 1), (('e', 'e', 'n'), 1), (('e', 'n', 'a'), 1), (('n', 'a', 'g'), 1), (('a', 'g', 'e'), 1)]","[(('teenager', 'forever'), 1)]",['annkw'],[],[],1,0,0,0,0,0,0,0,0,50.0,0,0,50.0,0,0,0,0,0,0,0,0,0,0,0,0,Japonic,Japanese, 
mont forget 7 26,Dont forget 7.26 ,0,0,4,3.25,0.625,"[(('m', 'o', 'n'), 1), (('o', 'n', 't'), 1), (('n', 't', ' '), 1), (('t', ' ', 'f'), 1), ((' ', 'f', 'o'), 1)]","[(('dont', 'forget'), 1), (('forget', '7'), 1), (('7', '26'), 1)]",['annkw'],[],[],1,0,0,0,0,0,0,0,0,0,0,0,0,0,0,0,0,50.0,25.0,0,0,0,0,0,0,Japonic,Japanese, 
bump of chicken,"BUMP OF CHICKEN
",0,2,3,4.333333333333333,0.0,"[(('b', 'u', 'm'), 1), (('u', 'm', 'p'), 1), (('m', 'p', ' '), 1), (('p', ' ', 'o'), 1), ((' ', 'o', 'f'), 1)]","[(('bump', 'of'), 1), (('of', 'chicken'), 1)]",['annkw'],[],[],1,0,0,0,0,0,0,0,0,33.33333333333333,33.33333333333333,0,0,0,0,0,33.33333333333333,0,0,0,0,0,0,0,0,Japonic,Japanese, 
you play schedule,"you play schedule?
",0,0,3,5.0,0.0,"[(('y', 'o', 'u'), 1), (('o', 'u', ' '), 1), (('u', ' ', 'p'), 1), ((' ', 'p', 'l'), 1), (('p', 'l', 'a'), 1)]","[(('you', 'play'), 1), (('play', 'schedule'), 1)]",['annkw'],[],[],1,0,0,33.33333333333333,0,0,0,0,0,33.33333333333333,0,33.33333333333333,0,0,0,0,0,33.33333333333333,0,0,0,0,0,0,0,Japonic,Japanese, 
tkepc,"TKEPC
 ",0,1,1,5.0,1.5,"[(('t', 'k', 'e'), 1), (('k', 'e', 'p'), 1), (('e', 'p', 'c'), 1)]",[],['annkw'],['https://t.co/x7IKmKwf1O'],[],1,0,0,0,0,1,0,0,0,0,0,0,0,0,0,0,100.0,0,0,0,0,0,0,0,0,Japonic,Japanese, 
hide livewww,"hide LIVEwww
",1,1,2,5.5,0.75,"[(('h', 'i', 'd'), 1), (('i', 'd', 'e'), 1), (('d', 'e', ' '), 1), (('e', ' ', 'l'), 1), ((' ', 'l', 'i'), 1)]","[(('hide', 'livewww'), 1)]",['annkw'],[],[],1,0,0,0,0,0,0,0,0,0,0,0,0,0,0,0,50.0,50.0,0,0,0,0,0,0,0,Japonic,Japanese, 
sing out,"Sing  Out
",0,0,2,3.5,0.0,"[(('s', 'i', 'n'), 1), (('i', 'n', 'g'), 1), (('n', 'g', ' '), 1), (('g', ' ', 'o'), 1), ((' ', 'o', 'u'), 1)]","[(('sing', 'out'), 1)]",['annkw'],[],[],1,0,0,0,0,0,0,0,0,0,0,0,0,0,0,0,0,50.0,0,0,50.0,0,0,0,0,Japonic,Japanese, 
birthday,"birthday
 ",0,0,1,8.0,0.0,"[(('b', 'i', 'r'), 1), (('i', 'r', 't'), 1), (('r', 't', 'h'), 1), (('t', 'h', 'd'), 1), (('h', 'd', 'a'), 1)]",[],['annkw'],[],[],1,0,0,0,0,0,0,0,0,100.0,0,0,0,0,0,0,0,0,0,0,0,0,0,0,0,Japonic,Japanese, 
this is america,"THIS IS AMERICA
",0,2,3,4.333333333333333,0.16666666666666666,"[(('i', 's', ' '), 2), (('t', 'h', 'i'), 1), (('h', 'i', 's'), 1), (('s', ' ', 'i'), 1), ((' ', 'i', 's'), 1)]","[(('this', 'is'), 1), (('is', 'america'), 1)]",['annkw'],[],[],1,0,0,0,0,0,0,0,0,0,0,33.33333333333333,0,0,0,0,33.33333333333333,33.33333333333333,0,0,0,0,0,0,0,Japonic,Japanese, 
love2020,"LOVE2020
 ",0,1,1,8.0,2.5,"[(('l', 'o', 'v'), 1), (('o', 'v', 'e'), 1), (('v', 'e', '2'), 1), (('e', '2', '0'), 1), (('2', '0', '2'), 1)]",[],['annkw'],['https://t.co/liVGSsskIe'],[],1,0,0,0,0,1,0,0,100.0,0,0,0,0,0,0,0,0,0,0,0,0,0,0,0,0,Japonic,Japanese, 
king gnu teenager forever,"King Gnu
Teenager Forever
",0,0,4,5.5,0.5,"[(('k', 'i', 'n'), 1), (('i', 'n', 'g'), 1), (('n', 'g', ' '), 1), (('g', ' ', 'g'), 1), ((' ', 'g', 'n'), 1)]","[(('king', 'gnu'), 1), (('gnu', 'teenager'), 1), (('teenager', 'forever'), 1)]",['annkw'],[],[],1,0,0,0,0,0,0,0,0,25.0,0,0,25.0,0,0,0,50.0,0,0,0,0,0,0,0,0,Japonic,Japanese, 
fortnite,"Fortnite
",0,0,1,8.0,1.0,"[(('f', 'o', 'r'), 1), (('o', 'r', 't'), 1), (('r', 't', 'n'), 1), (('t', 'n', 'i'), 1), (('n', 'i', 't'), 1)]",[],['annkw'],[],[],1,0,0,0,0,0,0,0,100.0,0,0,0,0,0,0,0,0,0,0,0,0,0,0,0,0,Japonic,Japanese, 
good,"good!!
 ",0,0,1,4.0,0.5,"[(('g', 'o', 'o'), 1), (('o', 'o', 'd'), 1)]",[],['annkw'],[],[],1,0,0,100.0,0,0,100.0,0,0,0,0,0,0,0,0,0,0,0,0,0,0,0,0,0,0,Japonic,Japanese, 
to, to  ,0,0,1,2.0,0.0,[],[],['annkw'],[],[],1,0,0,0,0,0,0,0,0,0,100.0,0,0,0,0,0,0,0,0,0,0,0,0,0,0,Japonic,Japanese, 
key station,key station ,0,0,2,5.0,0.25,"[(('k', 'e', 'y'), 1), (('e', 'y', ' '), 1), (('y', ' ', 's'), 1), ((' ', 's', 't'), 1), (('s', 't', 'a'), 1)]","[(('key', 'station'), 1)]",['annkw'],[],[],1,0,0,0,0,0,0,0,0,50.0,0,0,0,0,0,0,50.0,0,0,0,0,0,0,0,0,Japonic,Japanese, 
sing out,"Sing Out
",0,0,2,3.5,0.0,"[(('s', 'i', 'n'), 1), (('i', 'n', 'g'), 1), (('n', 'g', ' '), 1), (('g', ' ', 'o'), 1), ((' ', 'o', 'u'), 1)]","[(('sing', 'out'), 1)]",['annkw'],[],[],1,0,0,0,0,0,0,0,0,0,0,0,0,0,0,0,0,50.0,0,0,50.0,0,0,0,0,Japonic,Japanese, 
vibration,vibration ,0,0,1,9.0,0.0,"[(('v', 'i', 'b'), 1), (('i', 'b', 'r'), 1), (('b', 'r', 'a'), 1), (('r', 'a', 't'), 1), (('a', 't', 'i'), 1)]",[],['annkw'],[],[],1,0,0,0,0,0,0,0,0,100.0,0,0,0,0,0,0,0,0,0,0,0,0,0,0,0,Japonic,Japanese, 
iphone,iPhone ,0,0,1,6.0,0.5,"[(('i', 'p', 'h'), 1), (('p', 'h', 'o'), 1), (('h', 'o', 'n'), 1), (('o', 'n', 'e'), 1)]",[],['annkw'],[],[],1,0,0,0,0,0,0,0,0,0,0,0,0,0,0,0,100.0,0,0,0,0,0,0,0,0,Japonic,Japanese, 
i was tired of my memories and more nostalgia,"
I was tired ""of my memories and more nostalgia 




",0,0,9,4.111111111111111,0.1111111111111111,"[(('m', 'o', 'r'), 2), (('i', ' ', 'w'), 1), ((' ', 'w', 'a'), 1), (('w', 'a', 's'), 1), (('a', 's', ' '), 1)]","[(('i', 'was'), 1), (('was', 'tired'), 1), (('tired', 'of'), 1), (('of', 'my'), 1), (('my', 'memories'), 1)]",['annkw'],['https://t.co/WhKoPuVU0d'],"['@Aleeabd15', '@da3m_ali15']",1,0,0,11.11111111111111,0,1,22.22222222222222,11.11111111111111,0,22.22222222222222,11.11111111111111,11.11111111111111,0,11.11111111111111,0,0,0,11.11111111111111,0,0,0,0,0,0,0,Japonic,Japanese, 
psycho pass,PSYCHO-PASS ,0,2,2,5.0,0.0,"[(('p', 's', 'y'), 1), (('s', 'y', 'c'), 1), (('y', 'c', 'h'), 1), (('c', 'h', 'o'), 1), (('h', 'o', ' '), 1)]","[(('psycho', 'pass'), 1)]",['annkw'],[],[],1,0,0,0,0,0,0,0,0,50.0,0,0,0,0,0,0,0,0,0,0,0,0,0,0,0,Japonic,Japanese, 
good,"Good 
 ",0,0,1,4.0,0.5,"[(('g', 'o', 'o'), 1), (('o', 'o', 'd'), 1)]",[],['annkw'],[],[],1,0,0,0,0,0,100.0,0,0,0,0,0,0,0,0,0,0,0,0,0,0,0,0,0,0,Japonic,Japanese, 
it was very pity to lose on the lottery of biko s special live concert on mar 21 and 22 congrats on who has been selected but thanks to god and my friend that i will be able to go to the live show at budokan tomorrow can t wait,"It was very pity to lose on the lottery of aiko's special live concert on Mar. 21 and 22. Congrats on who has been selected.

But thanks to god and my friend that I will be able to go to the live show at Budokan tomorrow!! 

Can't wait...

 ",1,0,50,3.56,0.3,"[((' ', 't', 'o'), 5), (('t', 'o', ' '), 4), ((' ', 't', 'h'), 4), ((' ', 'o', 'n'), 3), (('o', 'n', ' '), 3)]","[(('it', 'was'), 1), (('was', 'very'), 1), (('very', 'pity'), 1), (('pity', 'to'), 1), (('to', 'lose'), 1)]",['annkw'],['https://t.co/HdxaaClsVL'],[],1,0,0,10.0,0,1,10.0,6.0,2.0,12.0,20.0,6.0,2.0,6.0,0,2.0,6.0,20.0,4.0,0,0,0,0,0,0,Japonic,Japanese, 
touchdown,"touchdown!!!
 ",1,0,1,9.0,0.0,"[(('t', 'o', 'u'), 1), (('o', 'u', 'c'), 1), (('u', 'c', 'h'), 1), (('c', 'h', 'd'), 1), (('h', 'd', 'o'), 1)]",[],['annkw'],[],[],1,0,0,100.0,0,0,0,0,0,100.0,0,0,0,0,0,0,0,0,0,0,0,0,0,0,0,Japonic,Japanese, 
hi don t move,"Hi!!!!! Don't move
 ",1,0,4,2.5,0.5,"[(('h', 'i', ' '), 1), (('i', ' ', 'd'), 1), ((' ', 'd', 'o'), 1), (('d', 'o', 'n'), 1), (('o', 'n', ' '), 1)]","[(('hi', 'don'), 1), (('don', 't'), 1), (('t', 'move'), 1)]",['annkw'],[],[],1,0,0,25.0,0,0,0,0,25.0,0,0,0,0,0,0,0,0,50.0,0,0,0,0,0,0,0,Japonic,Japanese, 
this is america,this is America. ,0,0,3,4.333333333333333,0.16666666666666666,"[(('i', 's', ' '), 2), (('t', 'h', 'i'), 1), (('h', 'i', 's'), 1), (('s', ' ', 'i'), 1), ((' ', 'i', 's'), 1)]","[(('this', 'is'), 1), (('is', 'america'), 1)]",['annkw'],[],[],1,0,0,33.33333333333333,0,0,0,0,0,0,0,33.33333333333333,0,0,0,0,33.33333333333333,33.33333333333333,0,0,0,0,0,0,0,Japonic,Japanese, 
super ninja brothers,SUPER NINJA BROTHERS  ,0,3,3,6.0,0.0,"[(('s', 'u', 'p'), 1), (('u', 'p', 'e'), 1), (('p', 'e', 'r'), 1), (('e', 'r', ' '), 1), (('r', ' ', 'n'), 1)]","[(('super', 'ninja'), 1), (('ninja', 'brothers'), 1)]",['annkw'],['https://t.co/DPVYdhMgCr'],[],1,0,0,0,0,1,0,0,0,33.33333333333333,0,0,33.33333333333333,0,0,0,33.33333333333333,0,0,0,0,0,0,0,0,Japonic,Japanese, 
creepy nuts,"Creepy Nuts
",0,0,2,5.0,0.0,"[(('c', 'r', 'e'), 1), (('r', 'e', 'e'), 1), (('e', 'e', 'p'), 1), (('e', 'p', 'y'), 1), (('p', 'y', ' '), 1)]","[(('creepy', 'nuts'), 1)]",['annkw'],[],[],1,0,0,0,0,0,100.0,0,0,0,0,0,0,0,0,0,0,0,0,0,0,0,0,0,0,Japonic,Japanese, 
creepy nuts,"CreepyNuts
",0,0,2,5.0,2.5,"[(('c', 'r', 'e'), 1), (('r', 'e', 'e'), 1), (('e', 'e', 'p'), 1), (('e', 'p', 'y'), 1), (('p', 'y', ' '), 1)]",[],['annkw'],[],[],1,0,0,0,0,0,0,0,0,0,0,0,0,0,0,0,50.0,0,0,0,0,0,0,0,0,Japonic,Japanese, 
all or nothing,"All or Nothing
",0,0,3,4.0,0.3333333333333333,"[(('a', 'l', 'l'), 1), (('l', 'l', ' '), 1), (('l', ' ', 'o'), 1), ((' ', 'o', 'r'), 1), (('o', 'r', ' '), 1)]","[(('all', 'or'), 1), (('or', 'nothing'), 1)]",['annkw'],[],[],1,0,0,0,0,0,0,33.33333333333333,0,33.33333333333333,0,0,0,33.33333333333333,0,0,0,0,0,0,0,0,0,0,0,Japonic,Japanese, 
good,"good!

",0,0,1,4.0,0.5,"[(('g', 'o', 'o'), 1), (('o', 'o', 'd'), 1)]",[],['annkw'],[],[],1,0,0,100.0,0,0,100.0,0,0,0,0,0,0,0,0,0,0,0,0,0,0,0,0,0,0,Japonic,Japanese, 
ready player,"Ready player 
",0,0,2,5.5,0.0,"[(('r', 'e', 'a'), 1), (('e', 'a', 'd'), 1), (('a', 'd', 'y'), 1), (('d', 'y', ' '), 1), (('y', ' ', 'p'), 1)]","[(('ready', 'player'), 1)]",['annkw'],[],[],1,0,0,0,0,0,50.0,0,0,50.0,0,0,0,0,0,0,0,0,0,0,0,0,0,0,0,Japonic,Japanese, 
good,"GOOD
 ",0,1,1,4.0,0.5,"[(('g', 'o', 'o'), 1), (('o', 'o', 'd'), 1)]",[],['annkw'],[],[],1,0,0,0,0,0,100.0,0,0,0,0,0,0,0,0,0,0,0,0,0,0,0,0,0,0,Japonic,Japanese, 
little toothlt,"Little ToothLT

",0,0,2,6.5,0.75,"[(('l', 'i', 't'), 1), (('i', 't', 't'), 1), (('t', 't', 'l'), 1), (('t', 'l', 'e'), 1), (('l', 'e', ' '), 1)]","[(('little', 'toothlt'), 1)]",['annkw'],[],[],1,0,0,0,0,0,50.0,0,0,50.0,0,0,0,0,0,0,0,0,0,0,0,0,0,0,0,Japonic,Japanese, 
headache,"headache
  ",0,0,1,8.0,0.0,"[(('h', 'e', 'a'), 1), (('e', 'a', 'd'), 1), (('a', 'd', 'a'), 1), (('d', 'a', 'c'), 1), (('a', 'c', 'h'), 1)]",[],['annkw'],[],[],1,0,0,0,0,0,0,0,0,100.0,0,0,0,0,0,0,0,0,0,0,0,0,0,0,0,Japonic,Japanese, 
what s happened,"what's happened?
  ",0,0,3,4.333333333333333,0.16666666666666666,"[(('w', 'h', 'a'), 1), (('h', 'a', 't'), 1), (('a', 't', ' '), 1), (('t', ' ', 's'), 1), ((' ', 's', ' '), 1)]","[(('what', 's'), 1), (('s', 'happened'), 1)]",['annkw'],[],[],1,0,0,33.33333333333333,0,0,0,0,0,0,0,0,0,0,33.33333333333333,0,0,33.33333333333333,0,0,0,0,0,0,0,Japonic,Japanese, 
i love tenga,"
I LOVE TENGA",0,2,3,3.3333333333333335,0.6666666666666666,"[(('i', ' ', 'l'), 1), ((' ', 'l', 'o'), 1), (('l', 'o', 'v'), 1), (('o', 'v', 'e'), 1), (('v', 'e', ' '), 1)]","[(('i', 'love'), 1), (('love', 'tenga'), 1)]",['annkw'],[],[],1,0,0,0,0,0,0,0,0,0,0,33.33333333333333,0,0,0,0,33.33333333333333,33.33333333333333,0,0,0,0,0,0,0,Japonic,Japanese, 
good," 
good",0,0,1,4.0,0.5,"[(('g', 'o', 'o'), 1), (('o', 'o', 'd'), 1)]",[],['annkw'],[],[],1,0,0,0,0,0,100.0,0,0,0,0,0,0,0,0,0,0,0,0,0,0,0,0,0,0,Japonic,Japanese, 
with b,"with B

",0,0,2,2.5,0.25,"[(('w', 'i', 't'), 1), (('i', 't', 'h'), 1), (('t', 'h', ' '), 1), (('h', ' ', 'b'), 1)]","[(('with', 'b'), 1)]",['annkw'],[],[],1,0,0,0,0,0,0,0,0,50.0,50.0,0,0,0,0,0,0,0,0,0,0,0,0,0,0,Japonic,Japanese, 
ada pump,DA PUMP ,0,1,2,3.5,0.75,"[(('a', 'd', 'a'), 1), (('d', 'a', ' '), 1), (('a', ' ', 'p'), 1), ((' ', 'p', 'u'), 1), (('p', 'u', 'm'), 1)]","[(('da', 'pump'), 1)]",['annkw'],[],[],1,0,0,0,0,0,0,50.0,0,50.0,0,0,0,0,0,0,0,0,0,0,0,0,0,0,0,Japonic,Japanese, 
imam,"iMac
  ",0,0,1,4.0,1.5,"[(('i', 'm', 'a'), 1), (('m', 'a', 'm'), 1)]",[],['annkw'],['https://t.co/oXZzWr3pGG'],[],1,0,0,0,0,1,0,0,0,0,0,0,0,0,0,0,100.0,0,0,0,0,0,0,0,0,Japonic,Japanese, 
it s show taiga,It's show TAIGA  ,0,1,4,3.0,0.375,"[(('i', 't', ' '), 1), (('t', ' ', 's'), 1), ((' ', 's', ' '), 1), (('s', ' ', 's'), 1), ((' ', 's', 'h'), 1)]","[(('it', 's'), 1), (('s', 'show'), 1), (('show', 'taiga'), 1)]",['annkw'],['https://t.co/jclwSRzftH'],[],1,0,0,0,0,1,0,0,0,50.0,0,0,0,0,25.0,0,0,0,0,0,0,0,0,0,0,Japonic,Japanese, 
young forest,young forest ,0,0,2,5.5,0.5,"[(('y', 'o', 'u'), 1), (('o', 'u', 'n'), 1), (('u', 'n', 'g'), 1), (('n', 'g', ' '), 1), (('g', ' ', 'f'), 1)]","[(('young', 'forest'), 1)]",['annkw'],[],[],1,0,0,0,0,0,50.0,0,0,50.0,0,0,0,0,0,0,0,0,0,0,0,0,0,0,0,Japonic,Japanese, 
shaggy ar,Shiggy Jr  ,0,0,2,4.0,1.0,"[(('s', 'h', 'a'), 1), (('h', 'a', 'g'), 1), (('a', 'g', 'g'), 1), (('g', 'g', 'y'), 1), (('g', 'y', ' '), 1)]","[(('shiggy', 'jr'), 1)]",['annkw'],['http://t.co/jzdBQxDGbO'],[],1,0,0,0,0,1,0,0,0,0,0,0,0,0,0,0,100.0,0,0,0,0,0,0,0,0,Japonic,Japanese, 
bluetooth,Bluetooth   ,0,0,1,9.0,0.5,"[(('b', 'l', 'u'), 1), (('l', 'u', 'e'), 1), (('u', 'e', 't'), 1), (('e', 't', 'o'), 1), (('t', 'o', 'o'), 1)]",[],['annkw'],['http://t.co/H4Y54bxWAY'],[],1,0,0,0,0,1,0,0,0,100.0,0,0,0,0,0,0,0,0,0,0,0,0,0,0,0,Japonic,Japanese, 
hey kasmin don t stop being influenced by america,"Hey,Kasmin! Don't stop being influenced by America!  ",0,0,9,4.555555555555555,0.2777777777777778,"[(('h', 'e', 'y'), 1), (('e', 'y', ' '), 1), (('y', ' ', 'k'), 1), ((' ', 'k', 'a'), 1), (('k', 'a', 's'), 1)]","[(('hey', 'kasmin'), 1), (('kasmin', 'don'), 1), (('don', 't'), 1), (('t', 'stop'), 1), (('stop', 'being'), 1)]","['annkw', 'shinyame']",[],[],2,0,0,33.33333333333333,0,0,0,0,11.11111111111111,0,11.11111111111111,0,0,0,0,0,22.22222222222222,44.44444444444444,0,0,0,0,0,0,0,Japonic,Japanese, 
saturday night kasumin,Saturday Night Kasumin ,0,0,3,6.666666666666667,0.6666666666666666,"[(('s', 'a', 't'), 1), (('a', 't', 'u'), 1), (('t', 'u', 'r'), 1), (('u', 'r', 'd'), 1), (('r', 'd', 'a'), 1)]","[(('saturday', 'night'), 1), (('night', 'kasumin'), 1)]",['annkw'],[],[],1,0,0,0,0,0,0,0,0,33.33333333333333,0,0,0,0,0,0,33.33333333333333,33.33333333333333,0,0,0,0,0,0,0,Japonic,Japanese, 
kasuga is this for rent,Kasuga is this for rent. ,0,0,5,3.8,0.2,"[(('i', 's', ' '), 2), (('k', 'a', 's'), 1), (('a', 's', 'u'), 1), (('s', 'u', 'g'), 1), (('u', 'g', 'a'), 1)]","[(('kasuga', 'is'), 1), (('is', 'this'), 1), (('this', 'for'), 1), (('for', 'rent'), 1)]",['annkw'],[],[],1,0,0,20.0,0,0,0,0,0,20.0,20.0,20.0,0,0,0,0,20.0,20.0,0,0,0,0,0,0,0,Japonic,Japanese, 
kasuga is no girlfriend,kasuga is no girlfriend ,0,0,4,5.0,0.375,"[(('k', 'a', 's'), 1), (('a', 's', 'u'), 1), (('s', 'u', 'g'), 1), (('u', 'g', 'a'), 1), (('g', 'a', ' '), 1)]","[(('kasuga', 'is'), 1), (('is', 'no'), 1), (('no', 'girlfriend'), 1)]",['annkw'],[],[],1,0,0,0,0,0,0,25.0,0,25.0,0,0,0,0,0,0,25.0,25.0,0,0,0,0,0,0,0,Japonic,Japanese, 
honey spice,HONEY SPICE ,0,2,2,5.0,0.0,"[(('h', 'o', 'n'), 1), (('o', 'n', 'e'), 1), (('n', 'e', 'y'), 1), (('e', 'y', ' '), 1), (('y', ' ', 's'), 1)]","[(('honey', 'spice'), 1)]",['annkw'],[],[],1,0,0,0,0,0,0,0,0,100.0,0,0,0,0,0,0,0,0,0,0,0,0,0,0,0,Japonic,Japanese, 
congratulation happy birthday to audrey s all night nippon,Congratulation  Happy birthday to Audrey's all night nippon!!!    ,1,0,9,5.555555555555555,0.16666666666666666,"[((' ', 'n', 'i'), 2), (('c', 'o', 'n'), 1), (('o', 'n', 'g'), 1), (('n', 'g', 'r'), 1), (('g', 'r', 'a'), 1)]","[(('congratulation', 'happy'), 1), (('happy', 'birthday'), 1), (('birthday', 'to'), 1), (('to', 'audrey'), 1), (('audrey', 's'), 1)]","['annkw', 'ann', 'am1242']",[],[],3,0,0,11.11111111111111,0,0,11.11111111111111,11.11111111111111,0,44.44444444444444,11.11111111111111,0,0,0,0,11.11111111111111,0,0,0,0,0,0,0,0,0,Japonic,Japanese, 
one for all for fun wwwwww,"One for All,All for Fun wwwwww ",1,0,6,3.5,1.3452380952380951,"[(('w', 'w', 'w'), 4), ((' ', 'f', 'o'), 2), (('f', 'o', 'r'), 2), (('o', 'r', ' '), 2), (('o', 'n', 'e'), 1)]","[(('one', 'for'), 1), (('for', 'all'), 1), (('all', 'all'), 1), (('all', 'for'), 1), (('for', 'fun'), 1)]",['annkw'],[],[],1,0,16.666666666666664,16.666666666666664,0,0,16.666666666666664,16.666666666666664,0,0,33.33333333333333,0,0,0,0,0,0,0,16.666666666666664,0,0,16.666666666666664,0,0,0,Japonic,Japanese, 
kasuga is passing away,Kasuga is passing away. ,0,0,4,4.75,0.25,"[(('k', 'a', 's'), 1), (('a', 's', 'u'), 1), (('s', 'u', 'g'), 1), (('u', 'g', 'a'), 1), (('g', 'a', ' '), 1)]","[(('kasuga', 'is'), 1), (('is', 'passing'), 1), (('passing', 'away'), 1)]",['annkw'],[],[],1,0,0,25.0,0,0,0,0,0,0,0,0,25.0,0,0,0,25.0,50.0,0,0,0,0,0,0,0,Japonic,Japanese, 
don t touch me,Don't touch me ,0,0,4,2.75,0.5,"[(('d', 'o', 'n'), 1), (('o', 'n', ' '), 1), (('n', ' ', 't'), 1), ((' ', 't', ' '), 1), (('t', ' ', 't'), 1)]","[(('don', 't'), 1), (('t', 'touch'), 1), (('touch', 'me'), 1)]",['annkw'],[],[],1,0,0,0,0,0,0,0,0,0,0,25.0,0,0,0,0,0,50.0,0,0,0,0,0,0,0,Japonic,Japanese, 
hot tweet,[hot tweet]  ,0,0,2,4.0,0.0,"[(('h', 'o', 't'), 1), (('o', 't', ' '), 1), (('t', ' ', 't'), 1), ((' ', 't', 'w'), 1), (('t', 'w', 'e'), 1)]","[(('hot', 'tweet'), 1)]","['annkw', 'annkw']",['http://search.biglobe.ne.jp/twitter/index.html?q=#annkw'],[],2,0,0,100.0,0,1,50.0,0,0,50.0,0,0,0,0,0,0,0,0,0,0,0,0,0,0,0,Japonic,Japanese, 
test, test,0,0,1,4.0,0.0,"[(('t', 'e', 's'), 1), (('e', 's', 't'), 1)]",[],['annkw'],[],[],1,0,0,0,0,0,0,0,0,100.0,0,0,0,0,0,0,0,0,0,0,0,0,0,0,0,Japonic,Japanese, 
let s half,Let's half ,0,0,3,2.6666666666666665,0.16666666666666666,"[(('l', 'e', 't'), 1), (('e', 't', ' '), 1), (('t', ' ', 's'), 1), ((' ', 's', ' '), 1), (('s', ' ', 'h'), 1)]","[(('let', 's'), 1), (('s', 'half'), 1)]",['annkw'],[],[],1,0,0,0,0,0,33.33333333333333,0,0,0,0,0,0,0,33.33333333333333,0,0,0,0,0,0,0,0,0,0,Japonic,Japanese, 
this travel together drink col,This travel together drink lol ,0,0,5,5.2,0.30000000000000004,"[(('t', 'h', 'i'), 1), (('h', 'i', 's'), 1), (('i', 's', ' '), 1), (('s', ' ', 't'), 1), ((' ', 't', 'r'), 1)]","[(('this', 'travel'), 1), (('travel', 'together'), 1), (('together', 'drink'), 1), (('drink', 'lol'), 1)]",['annkw'],[],[],1,0,0,0,0,0,0,20.0,20.0,40.0,0,0,20.0,0,0,0,0,0,0,0,0,0,0,0,0,Japonic,Japanese, 
broken bone in the us,broken bone in the USA ,0,1,5,3.4,0.6,"[(('b', 'r', 'o'), 1), (('r', 'o', 'k'), 1), (('o', 'k', 'e'), 1), (('k', 'e', 'n'), 1), (('e', 'n', ' '), 1)]","[(('broken', 'bone'), 1), (('bone', 'in'), 1), (('in', 'the'), 1), (('the', 'usa'), 1)]",['annkw'],[],[],1,0,0,0,0,0,0,20.0,0,20.0,20.0,0,0,0,0,0,20.0,20.0,0,0,0,0,0,0,0,Japonic,Japanese, 
or me,or me? ,0,0,2,2.0,1.0,"[(('o', 'r', ' '), 1), (('r', ' ', 'm'), 1), ((' ', 'm', 'e'), 1)]","[(('or', 'me'), 1)]",['annkw'],[],[],1,0,0,50.0,0,0,0,0,0,0,0,50.0,0,50.0,0,0,0,0,0,0,0,0,0,0,0,Japonic,Japanese, 
test, test,0,0,1,4.0,0.0,"[(('t', 'e', 's'), 1), (('e', 's', 't'), 1)]",[],['annkw'],[],[],1,0,0,0,0,0,0,0,0,100.0,0,0,0,0,0,0,0,0,0,0,0,0,0,0,0,Japonic,Japanese, 
test,test ,0,0,1,4.0,0.0,"[(('t', 'e', 's'), 1), (('e', 's', 't'), 1)]",[],['annkw'],[],[],1,0,0,0,0,0,0,0,0,100.0,0,0,0,0,0,0,0,0,0,0,0,0,0,0,0,Japonic,Japanese, 
test, TEST,0,1,1,4.0,0.0,"[(('t', 'e', 's'), 1), (('e', 's', 't'), 1)]",[],['annkw'],[],[],1,0,0,0,0,0,0,0,0,100.0,0,0,0,0,0,0,0,0,0,0,0,0,0,0,0,Japonic,Japanese, 
thank you sooooo much o,"Thank you sooooo much!
*:.. o()o ..:*
 ",1,0,5,3.8,0.6666666666666666,"[(('o', 'o', 'o'), 3), (('t', 'h', 'a'), 1), (('h', 'a', 'n'), 1), (('a', 'n', 'k'), 1), (('n', 'k', ' '), 1)]","[(('thank', 'you'), 1), (('you', 'sooooo'), 1), (('sooooo', 'much'), 1), (('much', 'o'), 1), (('o', 'o'), 1)]",['popjwave'],['https://t.co/qSnptFU7Pi'],[],1,0,0,140.0,0,1,20.0,0,20.0,0,0,20.0,20.0,0,0,0,0,20.0,0,0,0,0,0,0,0,Japonic,Japanese, 
i love this track this song feels like an evolutional step to songs we ve done so far harry yeah it feels very sixtonesthe beat s so fast catchy yeah that s why i m grateful of hugh jack man he did nothing harry imitation rain new world,"I love this trackthis song feels like an evolutional step to songs we've done so far
HarryYeah it feels very SixTONESthe beat's so fastcatchy
Yeah that's why I'm grateful of Hugh Jackman
He did nothing
Harry

Imitation Rain NEW WORLD

 ",0,3,48,3.9375,2.590909090909091,"[((' ', 's', 'o'), 4), ((' ', 't', 'h'), 3), (('t', 'h', 'i'), 3), (('r', 'y', ' '), 3), (('v', 'e', ' '), 2)]","[(('i', 'love'), 1), (('love', 'this'), 1), (('this', 'trackthis'), 1), (('trackthis', 'song'), 1), (('song', 'feels'), 1)]","['votefor6T', 'popjwave']",['https://t.co/UQ0Y3dfURd'],[],2,0,0,0,0,1,6.249999999999999,2.083333333333333,2.083333333333333,16.66666666666666,8.333333333333332,8.333333333333332,10.416666666666664,0,6.249999999999999,0,6.249999999999999,14.583333333333329,0,0,0,0,2.083333333333333,0,0,Japonic,Japanese, 
firework,"firework
 ",0,0,1,8.0,0.0,"[(('f', 'i', 'r'), 1), (('i', 'r', 'e'), 1), (('r', 'e', 'w'), 1), (('e', 'w', 'o'), 1), (('w', 'o', 'r'), 1)]",[],['popjwave'],['https://t.co/pGOp9MRM42'],[],1,0,0,0,0,1,0,0,0,100.0,0,0,0,0,0,0,0,0,0,0,0,0,0,0,0,Japonic,Japanese, 
,"  

 ",0,0,0,0.0,0.0,[],[],['popjwave'],['https://t.co/fDJQ29qZBo'],[],1,0,0,100.0,0,1,0,0,0,0,0,300.0,0,0,0,0,0,400.0,0,0,0,0,0,0,0,Japonic,Japanese, 
you must unlearn what you have learned,"You must unlearn what you have learned...
  ",1,0,7,4.571428571428571,0.0,"[(('y', 'o', 'u'), 2), (('o', 'u', ' '), 2), (('l', 'e', 'a'), 2), (('e', 'a', 'r'), 2), (('a', 'r', 'n'), 2)]","[(('you', 'must'), 1), (('must', 'unlearn'), 1), (('unlearn', 'what'), 1), (('what', 'you'), 1), (('you', 'have'), 1)]",['popjwave'],['https://t.co/wyTyZP1GEV'],[],1,0,0,0,0,1,0,14.285714285714285,0,28.57142857142857,14.285714285714285,0,0,0,0,0,0,0,0,0,0,0,0,0,0,Japonic,Japanese, 
top of the world,"TOP OF THE WORLD
 # ",0,3,4,3.25,0.0,"[(('t', 'o', 'p'), 1), (('o', 'p', ' '), 1), (('p', ' ', 'o'), 1), ((' ', 'o', 'f'), 1), (('o', 'f', ' '), 1)]","[(('top', 'of'), 1), (('of', 'the'), 1), (('the', 'world'), 1)]",['popjwave'],['https://t.co/S5fEZe0QQC'],[],1,0,0,0,0,1,25.0,0,0,50.0,0,0,25.0,0,0,0,0,0,0,0,0,0,0,0,0,Japonic,Japanese, 
now on air imitation rain,"Now OnAir
Imitation Rain
 


",0,0,5,4.2,2.5,"[(('o', 'n', ' '), 2), (('n', 'o', 'w'), 1), (('o', 'w', ' '), 1), (('w', ' ', 'o'), 1), ((' ', 'o', 'n'), 1)]","[(('now', 'onair'), 1), (('onair', 'imitation'), 1), (('imitation', 'rain'), 1)]","['popjwave', 'SixTONES', 'ImitationRain']",['https://t.co/vj6SyQmGQd'],[],3,0,0,0,0,1,0,0,0,20.0,0,0,0,0,0,0,40.0,0,0,60.0,0,0,0,0,0,Japonic,Japanese, 
harry sandwich company,"Harrys Sandwich Company


   #  # #",0,0,3,6.666666666666667,0.5,"[(('h', 'a', 'r'), 1), (('a', 'r', 'r'), 1), (('r', 'r', 'y'), 1), (('r', 'y', ' '), 1), (('y', ' ', 's'), 1)]","[(('harrys', 'sandwich'), 1), (('sandwich', 'company'), 1)]","['popjwave', 'jwave', 'radiko', '46']",['https://t.co/yW10OppDrg'],[],4,0,0,0,0,1,33.33333333333333,33.33333333333333,0,0,0,0,0,0,0,0,0,33.33333333333333,33.33333333333333,0,0,0,0,0,0,Japonic,Japanese, 
have a nice one,Have a nice one,0,0,4,3.0,0.25,"[(('h', 'a', 'v'), 1), (('a', 'v', 'e'), 1), (('v', 'e', ' '), 1), (('e', ' ', 'a'), 1), ((' ', 'a', ' '), 1)]","[(('have', 'a'), 1), (('a', 'nice'), 1), (('nice', 'one'), 1)]",['popjwave'],[],[],1,0,0,0,0,0,100.0,0,0,0,0,0,0,0,0,0,0,0,0,0,0,0,0,0,0,Japonic,Japanese, 
1st live 1st live,      1st LIVE  1st LIVE  ,0,2,4,3.5,0.75,"[(('1', 's', 't'), 2), (('s', 't', ' '), 2), (('t', ' ', 'l'), 2), ((' ', 'l', 'i'), 2), (('l', 'i', 'v'), 2)]","[(('1st', 'live'), 2), (('live', '1st'), 1)]","['pitbull', 'mrworldwide', 'inspirational', 'inspo', 'motivational', 'AZALEA', 'AZALEA', 'popjwave']",['https://t.co/bimFOwvXL7'],[],8,0,0,25.0,0,1,25.0,0,0,25.0,0,0,25.0,0,0,0,0,0,25.0,0,0,0,0,0,0,Japonic,Japanese, 
just ten more minutes,just ten more minutes. ,0,0,4,4.5,0.125,"[(('j', 'u', 's'), 1), (('u', 's', 't'), 1), (('s', 't', ' '), 1), (('t', ' ', 't'), 1), ((' ', 't', 'e'), 1)]","[(('just', 'ten'), 1), (('ten', 'more'), 1), (('more', 'minutes'), 1)]",['popjwave'],[],[],1,0,0,0,0,0,50.0,0,0,0,0,0,0,0,0,0,0,0,0,0,0,0,0,0,0,Japonic,Japanese, 
good stuffed,"good stuffed
",0,0,2,5.5,0.25,"[(('g', 'o', 'o'), 1), (('o', 'o', 'd'), 1), (('o', 'd', ' '), 1), (('d', ' ', 's'), 1), ((' ', 's', 't'), 1)]","[(('good', 'stuffed'), 1)]",['popjwave'],[],[],1,0,0,0,0,0,0,0,0,0,0,0,0,0,0,0,50.0,0,0,0,0,0,0,0,0,Japonic,Japanese, 
iphone11,iPhone11 ,0,0,1,8.0,1.5,"[(('i', 'p', 'h'), 1), (('p', 'h', 'o'), 1), (('h', 'o', 'n'), 1), (('o', 'n', 'e'), 1), (('n', 'e', '1'), 1)]",[],['popjwave'],[],[],1,0,0,0,0,0,100.0,0,0,0,0,0,0,0,0,0,0,0,0,0,0,0,0,0,0,Japonic,Japanese, 
amazing,Amazing,0,0,1,7.0,0.0,"[(('a', 'm', 'a'), 1), (('m', 'a', 'z'), 1), (('a', 'z', 'i'), 1), (('z', 'i', 'n'), 1), (('i', 'n', 'g'), 1)]",[],['popjwave'],[],[],1,0,0,0,0,0,0,100.0,0,100.0,100.0,0,0,0,0,0,0,0,0,0,0,0,0,0,0,Japonic,Japanese, 
over the rainbow,over the rainbow ,0,0,3,4.666666666666667,0.0,"[(('o', 'v', 'e'), 1), (('v', 'e', 'r'), 1), (('e', 'r', ' '), 1), (('r', ' ', 't'), 1), ((' ', 't', 'h'), 1)]","[(('over', 'the'), 1), (('the', 'rainbow'), 1)]",['popjwave'],[],[],1,0,0,0,0,0,33.33333333333333,0,0,33.33333333333333,0,0,0,0,0,33.33333333333333,0,33.33333333333333,0,0,0,0,0,0,0,Japonic,Japanese, 
asuka s english is wonderful,"Asuka's English is wonderful
",0,0,5,4.8,0.4,"[(('a', 's', 'u'), 1), (('s', 'u', 'k'), 1), (('u', 'k', 'a'), 1), (('k', 'a', ' '), 1), (('a', ' ', 's'), 1)]","[(('asuka', 's'), 1), (('s', 'english'), 1), (('english', 'is'), 1), (('is', 'wonderful'), 1)]",['popjwave'],[],[],1,0,0,0,0,0,20.0,0,0,20.0,0,0,0,0,0,0,0,0,0,0,0,0,0,0,0,Japonic,Japanese, 
good morning,Good morning ,0,0,2,5.5,0.25,"[(('g', 'o', 'o'), 1), (('o', 'o', 'd'), 1), (('o', 'd', ' '), 1), (('d', ' ', 'm'), 1), ((' ', 'm', 'o'), 1)]","[(('good', 'morning'), 1)]",['popjwave'],[],[],1,0,0,100.0,0,0,50.0,0,0,50.0,0,0,0,0,0,0,50.0,0,0,0,0,0,0,0,0,Japonic,Japanese, 
happy birthday asuka,"Happy Birthday ! Asuka !
",0,0,3,6.0,0.3333333333333333,"[(('h', 'a', 'p'), 1), (('a', 'p', 'p'), 1), (('p', 'p', 'y'), 1), (('p', 'y', ' '), 1), (('y', ' ', 'b'), 1)]","[(('happy', 'birthday'), 1), (('birthday', 'asuka'), 1)]",['popjwave'],[],[],1,0,0,33.33333333333333,0,0,0,0,0,33.33333333333333,0,0,0,0,0,0,0,33.33333333333333,0,0,0,0,0,0,0,Japonic,Japanese, 
beer please,"beer please.
 ",0,0,2,5.0,0.0,"[(('b', 'e', 'e'), 1), (('e', 'e', 'r'), 1), (('e', 'r', ' '), 1), (('r', ' ', 'p'), 1), ((' ', 'p', 'l'), 1)]","[(('beer', 'please'), 1)]",['popjwave'],[],[],1,0,0,0,0,0,0,0,0,0,0,50.0,0,0,0,0,0,100.0,0,0,0,0,0,0,0,Japonic,Japanese, 
am i loving,"Am I Loving
 ",0,0,3,3.0,0.5,"[(('a', 'm', ' '), 1), (('m', ' ', 'i'), 1), ((' ', 'i', ' '), 1), (('i', ' ', 'l'), 1), ((' ', 'l', 'o'), 1)]","[(('am', 'i'), 1), (('i', 'loving'), 1)]",['popjwave'],[],[],1,0,0,33.33333333333333,0,0,0,0,0,0,0,0,0,0,0,0,0,33.33333333333333,0,0,33.33333333333333,0,0,0,0,Japonic,Japanese, 
sing out,"sing out!
",0,0,2,3.5,0.0,"[(('s', 'i', 'n'), 1), (('i', 'n', 'g'), 1), (('n', 'g', ' '), 1), (('g', ' ', 'o'), 1), ((' ', 'o', 'u'), 1)]","[(('sing', 'out'), 1)]",['popjwave'],[],[],1,0,0,100.0,0,0,0,0,0,0,0,50.0,50.0,50.0,0,0,50.0,150.0,0,0,0,0,0,0,0,Japonic,Japanese, 
but please do not overdo it asuka,"But please do not overdo it.  Asuka.

 ",0,0,7,3.857142857142857,0.2857142857142857,"[(('d', 'o', ' '), 2), (('b', 'u', 't'), 1), (('u', 't', ' '), 1), (('t', ' ', 'p'), 1), ((' ', 'p', 'l'), 1)]","[(('but', 'please'), 1), (('please', 'do'), 1), (('do', 'not'), 1), (('not', 'overdo'), 1), (('overdo', 'it'), 1)]",['popjwave'],[],[],1,0,0,0,0,0,0,14.285714285714285,0,14.285714285714285,0,14.285714285714285,0,0,0,0,0,14.285714285714285,0,0,0,0,0,0,0,Japonic,Japanese, 
i like your sensibility,"I like your sensibility
",0,0,4,5.0,0.125,"[(('i', ' ', 'l'), 1), ((' ', 'l', 'i'), 1), (('l', 'i', 'k'), 1), (('i', 'k', 'e'), 1), (('k', 'e', ' '), 1)]","[(('i', 'like'), 1), (('like', 'your'), 1), (('your', 'sensibility'), 1)]",['popjwave'],[],[],1,0,0,0,0,0,0,0,0,50.0,0,0,0,0,0,0,0,0,0,0,0,0,0,0,0,Japonic,Japanese, 
morning,"morning morning
 ",0,0,1,7.0,0.0,"[(('m', 'o', 'r'), 1), (('o', 'r', 'n'), 1), (('r', 'n', 'i'), 1), (('n', 'i', 'n'), 1), (('i', 'n', 'g'), 1)]","[(('morning', 'morning'), 1)]",['popjwave'],[],[],1,0,0,0,0,0,0,0,100.0,0,0,100.0,0,0,0,0,0,100.0,0,0,0,0,0,0,0,Japonic,Japanese, 
no thank you,"No thank you
",0,0,3,3.3333333333333335,0.16666666666666666,"[(('n', 'o', ' '), 1), (('o', ' ', 't'), 1), ((' ', 't', 'h'), 1), (('t', 'h', 'a'), 1), (('h', 'a', 'n'), 1)]","[(('no', 'thank'), 1), (('thank', 'you'), 1)]",['popjwave'],[],[],1,0,0,0,0,0,0,0,0,0,33.33333333333333,0,0,0,0,0,0,0,0,0,0,0,0,0,0,Japonic,Japanese, 
against,"against

",0,0,1,7.0,0.0,"[(('a', 'g', 'a'), 1), (('g', 'a', 'i'), 1), (('a', 'i', 'n'), 1), (('i', 'n', 's'), 1), (('n', 's', 't'), 1)]",[],['popjwave'],[],[],1,0,0,100.0,0,0,0,100.0,0,200.0,100.0,0,0,0,0,0,100.0,0,300.0,300.0,0,0,0,0,0,Japonic,Japanese, 
pop of the world j wave 2018 11 24 06 00 08 00,"


POP OF THE WORLD | J-WAVE | 2018/11/24/ | 06:00-08:00  ",0,5,13,2.6153846153846154,0.6923076923076923,"[((' ', '0', '0'), 2), (('p', 'o', 'p'), 1), (('o', 'p', ' '), 1), (('p', ' ', 'o'), 1), ((' ', 'o', 'f'), 1)]","[(('pop', 'of'), 1), (('of', 'the'), 1), (('the', 'world'), 1), (('world', 'j'), 1), (('j', 'wave'), 1)]","['jwave', 'popjwave', 'jwave']",['https://t.co/OJM8T1VWM9'],[],3,0,0,7.6923076923076925,0,1,0,0,0,0,7.6923076923076925,23.076923076923077,7.6923076923076925,0,0,0,0,15.384615384615385,0,0,0,0,0,0,0,Japonic,Japanese, 
so what do you like about me,"So, what do you like about me ",0,0,7,3.142857142857143,0.2857142857142857,"[(('s', 'o', ' '), 1), (('o', ' ', 'w'), 1), ((' ', 'w', 'h'), 1), (('w', 'h', 'a'), 1), (('h', 'a', 't'), 1)]","[(('so', 'what'), 1), (('what', 'do'), 1), (('do', 'you'), 1), (('you', 'like'), 1), (('like', 'about'), 1)]",['popjwave'],[],[],1,0,0,0,0,0,14.285714285714285,0,0,0,28.57142857142857,14.285714285714285,0,0,14.285714285714285,0,0,28.57142857142857,0,0,0,0,0,0,0,Japonic,Japanese, 
i don t know if your for real,"I don't know if your for real
",0,0,8,2.75,0.1875,"[(('i', ' ', 'd'), 1), ((' ', 'd', 'o'), 1), (('d', 'o', 'n'), 1), (('o', 'n', ' '), 1), (('n', ' ', 't'), 1)]","[(('i', 'don'), 1), (('don', 't'), 1), (('t', 'know'), 1), (('know', 'if'), 1), (('if', 'your'), 1)]",['popjwave'],[],[],1,0,0,25.0,12.5,0,25.0,37.5,12.5,25.0,37.5,12.5,0,25.0,0,0,0,62.5,0,0,0,0,0,0,0,Japonic,Japanese, 
will have a nice day n make a bright start to the weekend luz of you asuka chaaaaaaaaaaaaaaaaa n,"will have a nice day n make a bright start to the weekend, cuz of you asuka chaaaaaaaaaaaaaaaaa----n!!
",1,0,19,4.105263157894737,0.7894736842105263,"[(('a', 'a', 'a'), 15), (('e', ' ', 'a'), 2), ((' ', 'a', ' '), 2), (('a', ' ', 'n'), 2), (('w', 'i', 'l'), 1)]","[(('will', 'have'), 1), (('have', 'a'), 1), (('a', 'nice'), 1), (('nice', 'day'), 1), (('day', 'n'), 1)]",['popjwave'],[],[],1,0,0,0,0,0,0,0,0,5.263157894736842,0,0,0,0,0,0,0,0,0,0,0,0,0,0,0,Japonic,Japanese, 
ghost,"ghost
 ",0,0,1,5.0,0.0,"[(('g', 'h', 'o'), 1), (('h', 'o', 's'), 1), (('o', 's', 't'), 1)]",[],['popjwave'],[],[],1,0,0,100.0,0,0,0,0,0,0,100.0,200.0,0,0,0,0,0,300.0,0,0,0,0,0,0,0,Japonic,Japanese, 
i was born to love you,"I was born to love you.
",0,0,6,2.8333333333333335,0.25,"[(('i', ' ', 'w'), 1), ((' ', 'w', 'a'), 1), (('w', 'a', 's'), 1), (('a', 's', ' '), 1), (('s', ' ', 'b'), 1)]","[(('i', 'was'), 1), (('was', 'born'), 1), (('born', 'to'), 1), (('to', 'love'), 1), (('love', 'you'), 1)]",['popjwave'],[],[],1,0,0,16.666666666666664,0,0,0,0,0,0,0,16.666666666666664,0,0,0,0,0,16.666666666666664,0,0,0,0,0,0,0,Japonic,Japanese, 
you wish,"You wish!
 ",0,0,2,3.5,0.0,"[(('y', 'o', 'u'), 1), (('o', 'u', ' '), 1), (('u', ' ', 'w'), 1), ((' ', 'w', 'i'), 1), (('w', 'i', 's'), 1)]","[(('you', 'wish'), 1)]",['popjwave'],[],[],1,0,0,100.0,0,0,0,0,0,50.0,0,0,0,0,0,0,0,0,0,0,0,0,0,0,0,Japonic,Japanese, 
party,"party(  )
 ",0,0,1,5.0,0.0,"[(('p', 'a', 'r'), 1), (('a', 'r', 't'), 1), (('r', 't', 'y'), 1)]",[],['popjwave'],[],[],1,0,0,100.0,0,0,0,0,0,0,0,0,0,0,0,0,100.0,0,0,0,0,0,0,0,0,Japonic,Japanese, 
happy happy,"HAPPYHAPPY!!
",0,1,2,5.0,3.0,"[(('h', 'a', 'p'), 2), (('a', 'p', 'p'), 2), (('p', 'p', 'y'), 2), (('p', 'y', ' '), 1), (('y', ' ', 'h'), 1)]",[],['popjwave'],[],[],1,0,0,50.0,0,0,0,0,0,0,0,50.0,0,0,0,0,0,50.0,0,0,0,0,0,0,0,Japonic,Japanese, 
you see,you see? ,0,0,2,3.0,0.0,"[(('y', 'o', 'u'), 1), (('o', 'u', ' '), 1), (('u', ' ', 's'), 1), ((' ', 's', 'e'), 1), (('s', 'e', 'e'), 1)]","[(('you', 'see'), 1)]",['popjwave'],[],[],1,0,0,100.0,0,0,50.0,50.0,0,100.0,0,0,50.0,0,50.0,0,0,50.0,0,0,0,0,0,0,0,Japonic,Japanese, 
your hair is fantasy it s absolutely true,"Your hair is fantasy!
It's absolutely true!!! ",1,0,8,4.25,0.1875,"[(('y', 'o', 'u'), 1), (('o', 'u', 'r'), 1), (('u', 'r', ' '), 1), (('r', ' ', 'h'), 1), ((' ', 'h', 'a'), 1)]","[(('your', 'hair'), 1), (('hair', 'is'), 1), (('is', 'fantasy'), 1), (('fantasy', 'it'), 1), (('it', 's'), 1)]",['popjwave'],[],[],1,0,0,0,0,0,0,12.5,0,25.0,0,0,0,0,0,0,0,0,0,0,0,0,0,0,0,Japonic,Japanese, 
your hair fantasy,"Your hair fantasy
 ",0,0,3,5.0,0.0,"[(('y', 'o', 'u'), 1), (('o', 'u', 'r'), 1), (('u', 'r', ' '), 1), (('r', ' ', 'h'), 1), ((' ', 'h', 'a'), 1)]","[(('your', 'hair'), 1), (('hair', 'fantasy'), 1)]",['popjwave'],[],[],1,0,0,0,0,0,33.33333333333333,0,0,99.99999999999999,33.33333333333333,33.33333333333333,0,0,0,0,0,33.33333333333333,0,0,0,0,0,0,0,Japonic,Japanese, 
of course mate solid tune guv it,"of course mate
solid tune luv it
 ",0,0,7,3.7142857142857144,0.3571428571428571,"[(('o', 'f', ' '), 1), (('f', ' ', 'c'), 1), ((' ', 'c', 'o'), 1), (('c', 'o', 'u'), 1), (('o', 'u', 'r'), 1)]","[(('of', 'course'), 1), (('course', 'mate'), 1), (('mate', 'solid'), 1), (('solid', 'tune'), 1), (('tune', 'luv'), 1)]",['popjwave'],['https://t.co/m5k3XHLVpQ'],[],1,0,0,14.285714285714285,0,1,0,0,0,14.285714285714285,0,0,0,0,0,0,0,14.285714285714285,0,0,0,0,0,0,0,Japonic,Japanese, 
time flies,"time flies!
",0,0,2,4.5,0.0,"[(('t', 'i', 'm'), 1), (('i', 'm', 'e'), 1), (('m', 'e', ' '), 1), (('e', ' ', 'f'), 1), ((' ', 'f', 'l'), 1)]","[(('time', 'flies'), 1)]",['popjwave'],[],[],1,0,0,100.0,0,0,0,150.0,0,250.0,100.0,0,250.0,0,0,0,0,150.0,0,0,0,0,0,0,0,Japonic,Japanese, 
mate backed glow on my show just now spreading the word want the lads back out here pronto,"mate wacked ""glow"" on my show just now spreading the word want the lads back out here pronto  ",0,0,18,4.055555555555555,0.19444444444444442,"[(('o', 'w', ' '), 3), ((' ', 'b', 'a'), 2), (('b', 'a', 'c'), 2), (('a', 'c', 'k'), 2), ((' ', 't', 'h'), 2)]","[(('mate', 'wacked'), 1), (('wacked', 'glow'), 1), (('glow', 'on'), 1), (('on', 'my'), 1), (('my', 'show'), 1)]",['popjwave'],['https://t.co/o7t6sTaGTK'],[],1,0,0,0,0,1,0,0,0,0,0,0,0,0,0,0,0,5.555555555555555,0,0,5.555555555555555,0,0,0,0,Japonic,Japanese, 
wake up,"Wake up
 ",0,0,2,3.0,0.25,"[(('w', 'a', 'k'), 1), (('a', 'k', 'e'), 1), (('k', 'e', ' '), 1), (('e', ' ', 'u'), 1), ((' ', 'u', 'p'), 1)]","[(('wake', 'up'), 1)]",['popjwave'],['https://t.co/evE08F8ifY'],[],1,0,0,0,0,1,0,50.0,0,50.0,0,0,0,0,0,0,0,50.0,0,0,0,0,0,0,0,Japonic,Japanese, 
got the power,"got the power
",0,0,3,3.6666666666666665,0.0,"[(('g', 'o', 't'), 1), (('o', 't', ' '), 1), (('t', ' ', 't'), 1), ((' ', 't', 'h'), 1), (('t', 'h', 'e'), 1)]","[(('got', 'the'), 1), (('the', 'power'), 1)]",['popjwave'],[],[],1,0,0,33.33333333333333,0,0,0,0,33.33333333333333,0,0,0,0,0,0,0,0,0,0,0,0,0,0,0,0,Japonic,Japanese, 
congrats,congrats!  ,0,0,1,8.0,0.0,"[(('c', 'o', 'n'), 1), (('o', 'n', 'g'), 1), (('n', 'g', 'r'), 1), (('g', 'r', 'a'), 1), (('r', 'a', 't'), 1)]",[],['popjwave'],['https://t.co/K9ytcJr8Mk'],[],1,0,0,200.0,0,1,300.0,200.0,0,600.0,300.0,0,100.0,100.0,200.0,0,0,300.0,0,0,100.0,0,0,0,0,Japonic,Japanese, 
with great pleasure mate it s a solid chilled tune with love next time let s link and def rock up to your gig,"with great pleasure mate!!
it's a solid chilled tune with love
next time let's link and defo rock up to your gig!  ",0,0,24,3.5833333333333335,0.20833333333333334,"[(('w', 'i', 't'), 2), (('i', 't', 'h'), 2), (('t', 'h', ' '), 2), (('t', ' ', 's'), 2), ((' ', 's', ' '), 2)]","[(('with', 'great'), 1), (('great', 'pleasure'), 1), (('pleasure', 'mate'), 1), (('mate', 'it'), 1), (('it', 's'), 1)]",['popjwave'],['https://t.co/uml3fjmsYI'],[],1,0,0,0,0,1,4.166666666666666,0,0,4.166666666666666,0,0,0,0,0,0,0,0,0,0,0,0,0,0,0,Japonic,Japanese, 
beautiful song,"beautiful song
",0,0,2,6.5,0.0,"[(('b', 'e', 'a'), 1), (('e', 'a', 'u'), 1), (('a', 'u', 't'), 1), (('u', 't', 'i'), 1), (('t', 'i', 'f'), 1)]","[(('beautiful', 'song'), 1)]",['popjwave'],[],[],1,0,0,150.0,0,0,0,0,100.0,50.0,0,0,0,0,0,0,0,50.0,0,0,0,0,0,0,0,Japonic,Japanese, 
kissing strangers pooh ooooh,"kissing strangers!   oooh!!  ooooh!!
 ",2,0,4,6.25,0.5,"[(('o', 'o', 'h'), 2), (('o', 'o', 'o'), 2), (('k', 'i', 's'), 1), (('i', 's', 's'), 1), (('s', 's', 'i'), 1)]","[(('kissing', 'strangers'), 1), (('strangers', 'oooh'), 1), (('oooh', 'ooooh'), 1)]",['popjwave'],[],[],1,0,0,0,0,0,25.0,0,0,25.0,0,0,25.0,0,25.0,0,0,0,0,0,0,0,0,0,0,Japonic,Japanese, 
that s really bad sign,"That's really bad sign
  ",0,0,5,3.6,0.1,"[(('t', 'h', 'a'), 1), (('h', 'a', 't'), 1), (('a', 't', ' '), 1), (('t', ' ', 's'), 1), ((' ', 's', ' '), 1)]","[(('that', 's'), 1), (('s', 'really'), 1), (('really', 'bad'), 1), (('bad', 'sign'), 1)]",['popjwave'],[],[],1,0,0,20.0,0,0,0,0,0,20.0,0,20.0,0,0,0,0,0,20.0,0,0,0,0,0,0,0,Japonic,Japanese, 
screw you spaceship,"screw you! spaceship
  ",0,0,3,5.666666666666667,0.0,"[(('s', 'c', 'r'), 1), (('c', 'r', 'e'), 1), (('r', 'e', 'w'), 1), (('e', 'w', ' '), 1), (('w', ' ', 'y'), 1)]","[(('screw', 'you'), 1), (('you', 'spaceship'), 1)]",['popjwave'],[],[],1,0,0,0,0,0,0,0,0,33.33333333333333,0,0,0,0,0,0,0,0,0,0,0,0,0,0,0,Japonic,Japanese, 
english,"English
 ",0,0,1,7.0,0.5,"[(('e', 'n', 'g'), 1), (('n', 'g', 'l'), 1), (('g', 'l', 'i'), 1), (('l', 'i', 's'), 1), (('i', 's', 'h'), 1)]",[],['popjwave'],[],[],1,0,0,200.0,0,0,100.0,200.0,0,200.0,0,100.0,0,0,0,0,0,400.0,0,0,0,0,0,0,0,Japonic,Japanese, 
my battery is running low have you got the charger,"My battery is running low.
Have you got the charger?
",0,0,10,4.1,0.0,"[(('m', 'y', ' '), 1), (('y', ' ', 'b'), 1), ((' ', 'b', 'a'), 1), (('b', 'a', 't'), 1), (('a', 't', 't'), 1)]","[(('my', 'battery'), 1), (('battery', 'is'), 1), (('is', 'running'), 1), (('running', 'low'), 1), (('low', 'have'), 1)]",['popjwave'],[],[],1,0,0,10.0,0,0,0,0,0,0,10.0,10.0,10.0,0,10.0,0,0,0,0,0,0,0,0,0,0,Japonic,Japanese, 
i m always with you,"I'm always with you!!!!!!!!!!!!!!!!!!!!!!!
",1,0,5,3.0,0.2,"[(('i', ' ', 'm'), 1), ((' ', 'm', ' '), 1), (('m', ' ', 'a'), 1), ((' ', 'a', 'l'), 1), (('a', 'l', 'w'), 1)]","[(('i', 'm'), 1), (('m', 'always'), 1), (('always', 'with'), 1), (('with', 'you'), 1)]",['popjwave'],[],[],1,0,0,20.0,0,0,0,0,0,20.0,20.0,0,0,0,0,0,0,0,0,0,0,0,0,0,0,Japonic,Japanese, 
buzz off,"buzz off !!!!
",1,0,2,3.5,0.0,"[(('b', 'u', 'z'), 1), (('u', 'z', 'z'), 1), (('z', 'z', ' '), 1), (('z', ' ', 'o'), 1), ((' ', 'o', 'f'), 1)]","[(('buzz', 'off'), 1)]",['popjwave'],[],[],1,0,0,50.0,0,0,50.0,0,0,0,0,50.0,0,0,0,0,0,50.0,0,0,0,0,0,0,0,Japonic,Japanese, 
hey are you bk,"HeyAre you OK?
",0,0,4,2.75,1.8333333333333333,"[(('h', 'e', 'y'), 1), (('e', 'y', ' '), 1), (('y', ' ', 'a'), 1), ((' ', 'a', 'r'), 1), (('a', 'r', 'e'), 1)]","[(('heyare', 'you'), 1), (('you', 'ok'), 1)]",['popjwave'],[],[],1,0,0,0,0,0,0,0,0,25.0,0,25.0,0,0,0,0,0,50.0,0,0,0,25.0,0,0,0,Japonic,Japanese, 
all you need is love,"All You Need Is Love
 ",0,0,5,3.2,0.1,"[(('a', 'l', 'l'), 1), (('l', 'l', ' '), 1), (('l', ' ', 'y'), 1), ((' ', 'y', 'o'), 1), (('y', 'o', 'u'), 1)]","[(('all', 'you'), 1), (('you', 'need'), 1), (('need', 'is'), 1), (('is', 'love'), 1)]",['popjwave'],[],[],1,0,0,0,0,0,20.0,0,0,0,0,0,0,0,0,0,0,20.0,0,0,0,0,0,0,0,Japonic,Japanese, 
going under,"going underw
 ",0,0,2,5.0,0.5,"[(('g', 'o', 'i'), 1), (('o', 'i', 'n'), 1), (('i', 'n', 'g'), 1), (('n', 'g', ' '), 1), (('g', ' ', 'u'), 1)]","[(('going', 'underw'), 1)]",['popjwave'],['https://t.co/QYNk6XL7zl'],[],1,0,0,0,0,1,50.0,0,0,0,0,0,0,0,0,0,0,0,0,0,0,0,0,0,0,Japonic,Japanese, 
sleepy,"sleepy
",0,0,1,6.0,0.0,"[(('s', 'l', 'e'), 1), (('l', 'e', 'e'), 1), (('e', 'e', 'p'), 1), (('e', 'p', 'y'), 1)]",[],['popjwave'],[],[],1,0,0,0,0,0,100.0,0,0,100.0,100.0,100.0,200.0,0,0,0,0,100.0,0,0,0,0,0,0,0,Japonic,Japanese, 
good luck talked ab it just now,good luck talked abt it just now  ,0,0,7,3.5714285714285716,0.5714285714285714,"[(('g', 'o', 'o'), 1), (('o', 'o', 'd'), 1), (('o', 'd', ' '), 1), (('d', ' ', 'l'), 1), ((' ', 'l', 'u'), 1)]","[(('good', 'luck'), 1), (('luck', 'talked'), 1), (('talked', 'abt'), 1), (('abt', 'it'), 1), (('it', 'just'), 1)]",['popjwave'],['https://t.co/T3ogKWlqbn'],[],1,0,0,14.285714285714285,0,1,0,0,0,0,0,14.285714285714285,0,0,0,0,14.285714285714285,14.285714285714285,0,0,0,0,0,0,0,Japonic,Japanese, 
see you asuka,"see you Asuka!!
",0,0,3,3.6666666666666665,0.3333333333333333,"[(('s', 'e', 'e'), 1), (('e', 'e', ' '), 1), (('e', ' ', 'y'), 1), ((' ', 'y', 'o'), 1), (('y', 'o', 'u'), 1)]","[(('see', 'you'), 1), (('you', 'asuka'), 1)]",['popjwave'],[],[],1,0,0,0,0,0,0,0,0,0,66.66666666666666,0,0,0,0,0,33.33333333333333,33.33333333333333,0,0,0,0,0,0,0,Japonic,Japanese, 
get out of hereww,Get out of hereww ,0,0,4,3.5,0.25,"[(('t', ' ', 'o'), 2), (('g', 'e', 't'), 1), (('e', 't', ' '), 1), ((' ', 'o', 'u'), 1), (('o', 'u', 't'), 1)]","[(('get', 'out'), 1), (('out', 'of'), 1), (('of', 'hereww'), 1)]",['popjwave'],[],[],1,0,0,100.0,0,0,0,0,0,50.0,50.0,25.0,25.0,25.0,0,0,25.0,50.0,0,0,0,0,0,0,0,Japonic,Japanese, 
which is faster to get to kanazawa train or bus,"""Which is faster to get to Kanazawa, train or bus?""
 ",0,0,10,3.8,0.35,"[((' ', 't', 'o'), 2), (('t', 'o', ' '), 2), (('w', 'h', 'i'), 1), (('h', 'i', 'c'), 1), (('i', 'c', 'h'), 1)]","[(('which', 'is'), 1), (('is', 'faster'), 1), (('faster', 'to'), 1), (('to', 'get'), 1), (('get', 'to'), 1)]","['popjwave', '46']",[],[],2,0,0,10.0,0,0,0,0,0,0,10.0,10.0,0,0,0,0,0,10.0,0,0,0,0,0,0,0,Japonic,Japanese, 
so am i,"So am I!
",0,0,3,1.6666666666666667,0.8333333333333334,"[(('s', 'o', ' '), 1), (('o', ' ', 'a'), 1), ((' ', 'a', 'm'), 1), (('a', 'm', ' '), 1), (('m', ' ', 'i'), 1)]","[(('so', 'am'), 1), (('am', 'i'), 1)]",['popjwave'],[],[],1,0,0,33.33333333333333,0,0,33.33333333333333,0,0,0,0,33.33333333333333,66.66666666666666,0,33.33333333333333,0,0,66.66666666666666,0,0,0,0,0,0,0,Japonic,Japanese, 
this is super i m sooooooo happy feel,"This is super I'm sooooooo   happy feel!!
",1,0,8,3.75,0.625,"[(('o', 'o', 'o'), 5), (('i', 's', ' '), 2), (('t', 'h', 'i'), 1), (('h', 'i', 's'), 1), (('s', ' ', 'i'), 1)]","[(('this', 'is'), 1), (('is', 'super'), 1), (('super', 'i'), 1), (('i', 'm'), 1), (('m', 'sooooooo'), 1)]",['popjwave'],[],[],1,0,0,0,0,0,12.5,0,0,0,0,0,0,0,0,0,0,0,0,0,0,0,0,0,0,Japonic,Japanese, 
happy,"Happy
",0,0,1,5.0,0.0,"[(('h', 'a', 'p'), 1), (('a', 'p', 'p'), 1), (('p', 'p', 'y'), 1)]",[],['popjwave'],[],[],1,0,0,0,0,0,0,0,100.0,0,0,0,0,0,0,0,0,0,0,0,0,0,0,0,0,Japonic,Japanese, 
hello,"Hello

",0,0,1,5.0,0.0,"[(('h', 'e', 'l'), 1), (('e', 'l', 'l'), 1), (('l', 'l', 'o'), 1)]",[],['popjwave'],[],[],1,0,0,0,0,0,100.0,0,0,0,0,100.0,0,0,0,0,0,200.0,0,0,0,0,0,0,0,Japonic,Japanese, 
u must be tired,"u must be tired
",0,0,4,3.0,0.25,"[(('u', ' ', 'm'), 1), ((' ', 'm', 'u'), 1), (('m', 'u', 's'), 1), (('u', 's', 't'), 1), (('s', 't', ' '), 1)]","[(('u', 'must'), 1), (('must', 'be'), 1), (('be', 'tired'), 1)]",['popjwave'],[],[],1,0,0,25.0,0,0,25.0,25.0,0,25.0,0,0,0,0,0,0,0,25.0,0,0,0,0,0,0,0,Japonic,Japanese, 
have a lovely day,Have a lovely day!! ,0,0,4,3.5,0.25,"[(('h', 'a', 'v'), 1), (('a', 'v', 'e'), 1), (('v', 'e', ' '), 1), (('e', ' ', 'a'), 1), ((' ', 'a', ' '), 1)]","[(('have', 'a'), 1), (('a', 'lovely'), 1), (('lovely', 'day'), 1)]",['popjwave'],[],[],1,0,0,0,0,0,0,0,0,0,0,0,25.0,0,0,0,0,0,0,0,0,0,0,0,0,Japonic,Japanese, 
nowwwww,"NOwwwww

",1,0,1,7.0,3.5,"[(('w', 'w', 'w'), 3), (('n', 'o', 'w'), 1), (('o', 'w', 'w'), 1)]",[],['popjwave'],[],[],1,0,0,100.0,0,0,0,200.0,0,400.0,100.0,200.0,100.0,0,0,0,0,300.0,100.0,0,0,0,0,0,0,Japonic,Japanese, 
can you tell me where the ladies room is j wave pop of the world 46,"Can you tell me where the ladies room is?

J-WAVEPOP OF THE WORLD
    46",0,3,16,3.25,0.8666666666666667,"[(('e', ' ', 'w'), 2), ((' ', 't', 'h'), 2), (('t', 'h', 'e'), 2), (('h', 'e', ' '), 2), (('c', 'a', 'n'), 1)]","[(('can', 'you'), 1), (('you', 'tell'), 1), (('tell', 'me'), 1), (('me', 'where'), 1), (('where', 'the'), 1)]","['radiko', 'jwave', 'popjwave']",['https://t.co/PCiAtVkoHv'],[],3,0,0,43.75,0,1,6.25,6.25,0,12.5,6.25,6.25,6.25,0,0,0,18.75,12.5,6.25,0,0,0,0,0,0,Japonic,Japanese, 
harry how are you doing asuka hungry j wave pop of the world 46,"Harry ""How are you doing, Asuka?""
Asuka ""Hungry!""

J-WAVEPOP OF THE WORLD
    46",0,3,14,3.5714285714285716,1.0357142857142858,"[(('r', 'y', ' '), 2), (('h', 'a', 'r'), 1), (('a', 'r', 'r'), 1), (('r', 'r', 'y'), 1), (('y', ' ', 'h'), 1)]","[(('harry', 'how'), 1), (('how', 'are'), 1), (('are', 'you'), 1), (('you', 'doing'), 1), (('doing', 'asuka'), 1)]","['radiko', 'jwave', 'popjwave']",['https://t.co/PCiAtVkoHv'],[],3,0,0,28.57142857142857,0,1,0,7.142857142857142,0,28.57142857142857,21.428571428571427,0,0,0,0,0,0,0,21.428571428571427,0,0,0,0,0,0,Japonic,Japanese, 
for two people at seven thirty j wave pop of the world 46,"""for two people, at seven thirty.""

J-WAVEPOP OF THE WORLD
       46",0,3,13,3.4615384615384617,0.9583333333333334,"[((' ', 't', 'h'), 2), (('f', 'o', 'r'), 1), (('o', 'r', ' '), 1), (('r', ' ', 't'), 1), ((' ', 't', 'w'), 1)]","[(('for', 'two'), 1), (('two', 'people'), 1), (('people', 'at'), 1), (('at', 'seven'), 1), (('seven', 'thirty'), 1)]","['radiko', 'jwave', 'popjwave']",['https://t.co/PCiAtVkoHv'],[],3,0,0,0,0,1,0,0,0,7.6923076923076925,0,0,0,0,0,0,15.384615384615385,0,0,7.6923076923076925,0,0,0,0,0,Japonic,Japanese, 
j wavephilip bailey phil collinseasy lover,"J-WAVEPHILIP BAILEY/PHIL COLLINSEASY LOVER
  ",0,5,6,6.166666666666667,1.0833333333333333,"[(('p', 'h', 'i'), 2), (('h', 'i', 'l'), 2), (('j', ' ', 'w'), 1), ((' ', 'w', 'a'), 1), (('w', 'a', 'v'), 1)]","[(('j', 'wavephilip'), 1), (('wavephilip', 'bailey'), 1), (('bailey', 'phil'), 1), (('phil', 'collinseasy'), 1), (('collinseasy', 'lover'), 1)]","['radiko', 'popjwave']",['https://t.co/Ys9nQYvE4V'],[],2,0,0,33.33333333333333,0,1,16.666666666666664,16.666666666666664,0,49.99999999999999,33.33333333333333,16.666666666666664,0,0,0,0,16.666666666666664,33.33333333333333,0,0,0,0,0,0,0,Japonic,Japanese, 
did you guy listen to our new song hadashi de summer,"Did you guys listen to our new song,Hadashi de Summer?

",0,0,11,3.8181818181818183,0.3181818181818182,"[(('d', 'i', 'd'), 1), (('i', 'd', ' '), 1), (('d', ' ', 'y'), 1), ((' ', 'y', 'o'), 1), (('y', 'o', 'u'), 1)]","[(('did', 'you'), 1), (('you', 'guys'), 1), (('guys', 'listen'), 1), (('listen', 'to'), 1), (('to', 'our'), 1)]",['popjwave'],[],[],1,0,0,0,0,0,0,0,9.090909090909092,0,0,0,0,0,0,0,0,0,0,0,0,0,0,0,0,Japonic,Japanese, 
hey everyone,"Heyeveryone
",0,0,2,5.5,4.5,"[(('h', 'e', 'y'), 1), (('e', 'y', ' '), 1), (('y', ' ', 'e'), 1), ((' ', 'e', 'v'), 1), (('e', 'v', 'e'), 1)]",[],['popjwave'],[],[],1,0,0,0,0,0,50.0,50.0,0,50.0,50.0,0,0,0,0,0,100.0,50.0,0,0,0,0,0,0,0,Japonic,Japanese, 
listen to this amazing song rock romance,Listen to  this amazing song  Rock  Romance         #   ,0,0,7,4.857142857142857,0.07142857142857142,"[(('n', 'g', ' '), 2), ((' ', 'r', 'o'), 2), (('l', 'i', 's'), 1), (('i', 's', 't'), 1), (('s', 't', 'e'), 1)]","[(('listen', 'to'), 1), (('to', 'this'), 1), (('this', 'amazing'), 1), (('amazing', 'song'), 1), (('song', 'rock'), 1)]","['IhabAmir', 'GoForTE3N', 'popjwave', 'FRAROU', 'EURO2016', 'music']",['https://t.co/hm9nhIk4oy'],[],6,0,0,0,0,1,14.285714285714285,0,0,28.57142857142857,0,0,0,0,0,0,0,0,0,0,0,0,0,0,0,Japonic,Japanese, 
good morning dark,"Good Morning DARK

",0,1,3,5.0,0.16666666666666666,"[(('g', 'o', 'o'), 1), (('o', 'o', 'd'), 1), (('o', 'd', ' '), 1), (('d', ' ', 'm'), 1), ((' ', 'm', 'o'), 1)]","[(('good', 'morning'), 1), (('morning', 'dark'), 1)]",['popjwave'],[],[],1,0,0,0,0,0,33.33333333333333,0,0,33.33333333333333,0,0,33.33333333333333,0,33.33333333333333,0,0,0,0,0,0,0,0,0,0,Japonic,Japanese, 
i m very dark wow,"I'm very dark www
",1,0,5,2.6,0.6,"[(('i', ' ', 'm'), 1), ((' ', 'm', ' '), 1), (('m', ' ', 'v'), 1), ((' ', 'v', 'e'), 1), (('v', 'e', 'r'), 1)]","[(('i', 'm'), 1), (('m', 'very'), 1), (('very', 'dark'), 1), (('dark', 'www'), 1)]",['popjwave'],[],[],1,0,0,0,0,0,20.0,0,0,20.0,0,0,0,0,0,0,0,0,0,0,0,0,0,0,0,Japonic,Japanese, 
nice voice,nice voice ,0,0,2,4.5,0.25,"[(('i', 'c', 'e'), 2), (('n', 'i', 'c'), 1), (('c', 'e', ' '), 1), (('e', ' ', 'v'), 1), ((' ', 'v', 'o'), 1)]","[(('nice', 'voice'), 1)]",['popjwave'],[],[],1,0,0,50.0,0,0,0,0,0,0,0,0,50.0,0,0,0,0,0,0,0,0,0,0,0,0,Japonic,Japanese, 
absolutely,absolutely.... ,1,0,1,10.0,0.0,"[(('a', 'b', 's'), 1), (('b', 's', 'o'), 1), (('s', 'o', 'l'), 1), (('o', 'l', 'u'), 1), (('l', 'u', 't'), 1)]",[],['popjwave'],[],[],1,0,0,0,0,0,0,0,0,0,0,200.0,100.0,0,0,0,0,200.0,0,0,0,0,0,0,0,Japonic,Japanese, 
why i get s you omamory,why i get's you omamory ,0,0,6,3.0,0.4166666666666667,"[(('w', 'h', 'y'), 1), (('h', 'y', ' '), 1), (('y', ' ', 'i'), 1), ((' ', 'i', ' '), 1), (('i', ' ', 'g'), 1)]","[(('why', 'i'), 1), (('i', 'get'), 1), (('get', 's'), 1), (('s', 'you'), 1), (('you', 'omamory'), 1)]",['popjwave'],[],[],1,0,0,16.666666666666664,0,0,0,33.33333333333333,0,66.66666666666666,33.33333333333333,0,0,0,0,0,16.666666666666664,0,0,0,0,0,0,0,0,Japonic,Japanese, 
